Date,Close,Symbol,Return_1D,Volatility_5D,SMA_10_Ratio,Target
2025-08-07,219.16053771972656,AAPL,0.03179364967503995,0.029689756297828992,1.0488856766567791,1
2025-08-08,228.44371032714844,AAPL,0.04235786562676558,0.023241360704541976,1.0853105364350597,0
2025-08-11,226.53909301757812,AAPL,-0.00833735937331237,0.02666265317008784,1.0694864280770116,1
2025-08-12,229.00213623046875,AAPL,0.010872486422021321,0.024125875819832245,1.0717203087726626,1
2025-08-13,232.6717529296875,AAPL,0.01602437758714026,0.019560556586599814,1.0765763395169192,0
2025-08-14,232.12330627441406,AAPL,-0.0023571690519698096,0.01973821669123434,1.0615753764230276,0
2025-08-15,230.93666076660156,AAPL,-0.005112134265439328,0.010625380569687573,1.0421568633594276,0
2025-08-18,230.23863220214844,AAPL,-0.0030225974608621975,0.009513061184875793,1.0261828885352857,0
2025-08-19,229.90956115722656,AAPL,-0.0014292607707683258,0.008606428485918069,1.0121786074845922,0
2025-08-20,225.3723907470703,AAPL,-0.019734587754066668,0.0076142252639950945,0.9865724462913181,0
2025-08-21,224.26551818847656,AAPL,-0.004911305040181113,0.0073624795279985345,0.9795380985177812,1
2025-08-22,227.11746215820312,AAPL,0.01271681885277487,0.011541276432269749,0.9925696763391035,0
2025-08-25,226.5191650390625,AAPL,-0.0026343069945183872,0.011544715183743426,0.9899635647987022,1
2025-08-26,228.6630859375,AAPL,0.00946463359101557,0.012909412943768251,0.9994813065259669,1
2025-08-27,229.83978271484375,AAPL,0.005145984855926322,0.007592336584672642,1.0058697359699957,1
2025-08-28,231.90391540527344,AAPL,0.008980745918084176,0.005886113180407255,1.0150006508856788,0
2025-08-29,231.485107421875,AAPL,-0.001805954775134011,0.005778458839999645,1.0129244581800785,0
2025-09-02,229.07192993164062,AAPL,-0.010424763463666054,0.00840890236946739,1.0028769505518587,1
2025-09-03,237.79725646972656,AAPL,0.03808989840304622,0.018372111126295256,1.0374937239884796,1
2025-09-04,239.10353088378906,AAPL,0.005493227438596593,0.018359290676837177,1.0369805638553926,0
2025-09-05,239.01380920410156,AAPL,-0.0003752419688486386,0.018716148925204623,1.0300032732043842,0
2025-09-08,237.20892333984375,AAPL,-0.007551387387481734,0.019490560465747223,1.0177991123502825,0
2025-09-09,233.6888885498047,AAPL,-0.01483938605882873,0.020443318757963524,0.9996204322941528,0
2025-09-10,226.1501922607422,AAPL,-0.03225954103271722,0.014641847975332321,0.9684140917080362,1
2025-09-11,229.38107299804688,AAPL,0.01428643816309294,0.01724975933106817,0.9824422583287218,1
2025-09-12,233.40968322753906,AAPL,0.017562958341931223,0.02077554010571799,0.9990525394155111,1
2025-09-15,236.03224182128906,AAPL,0.01123586030144863,0.021774226933665344,1.0083152815956677,1
2025-09-16,237.4781494140625,AAPL,0.006125890181851501,0.020368710729258215,1.0108620183628034,1
2025-09-17,238.3157958984375,AAPL,0.003527257082143187,0.005755532079782298,1.0142037292403123,0
2025-09-18,237.20892333984375,AAPL,-0.004644562289381149,0.008331476256637734,1.0103077986014106,1
2025-09-19,244.8074188232422,AAPL,0.032032924294809195,0.013763647272414045,1.0401043671348937,1
2025-09-22,255.35755920410156,AAPL,0.04309567263758818,0.020435824463838296,1.076626770135194,0
2025-09-23,253.7122344970703,AAPL,-0.006443219116596399,0.022615177015247297,1.0607349435762732,0
2025-09-24,251.59820556640625,AAPL,-0.008332388601025364,0.02447026360762003,1.0408227023643826,1
2025-09-25,256.14532470703125,AAPL,0.018072939472633998,0.022862605354765864,1.0480296902101243,0
2025-09-26,254.7393341064453,AAPL,-0.005489034797703463,0.02230647031097131,1.033259638903462,0
2025-09-29,253.7122344970703,AAPL,-0.004031963155504692,0.010911167894328458,1.021766221720207,1
2025-09-30,253.9116668701172,AAPL,0.0007860573749713939,0.010522139833014674,1.0158463026077353,1
2025-10-01,254.72933959960938,AAPL,0.0032203038937570483,0.009387004589595396,1.0124690478391165,1
2025-10-02,256.40460205078125,AAPL,0.006576637201686664,0.0050100164951210535,1.0114109487210081,1
2025-10-03,257.2920837402344,AAPL,0.0034612549164674267,0.003950576590706458,1.0099380698991864,0
2025-10-06,255.9658660888672,AAPL,-0.00515452178741016,0.004387035306417861,1.004492473210212,0
2025-10-07,255.75645446777344,AAPL,-0.0008181232298413166,0.004533910273275727,1.002866157565916,1
2025-10-08,257.33197021484375,AAPL,0.0061602189096221505,0.004987663003438035,1.0067804777892704,0
2025-10-09,253.32330322265625,AAPL,-0.015577803989301087,0.008534853403035005,0.992192510805197,0
2025-10-10,244.57806396484375,AAPL,-0.03452204809648307,0.015822289629697988,0.9617677028895762,1
2025-10-13,246.96133422851562,AAPL,0.009744415443628807,0.01818532531883318,0.9737245070174869,1
2025-10-14,247.07101440429688,AAPL,0.0004441188177246591,0.018301035607242916,0.9767915069667562,1
2025-10-15,248.63658142089844,AAPL,0.006336506208048043,0.01833226916994169,0.9853544374319727,0
2025-10-16,246.7519073486328,AAPL,-0.007580035333075941,0.01770377007798298,0.9816405766460552,1
2025-10-17,251.5782470703125,AAPL,0.01955948293789933,0.010159125517986882,1.0031211600987244,1
2025-10-20,261.50018310546875,AAPL,0.039438767662544505,0.01842806455751941,1.040387194535364,1
2025-10-21,262.0286865234375,AAPL,0.002021044160246621,0.01820064698125583,1.0398948797528638,0
2025-10-22,257.7209167480469,AAPL,-0.016440069339527463,0.022338415281416446,1.0226410824966536,1
2025-10-23,258.8476867675781,AAPL,0.0043720549878099035,0.020929760874202157,1.0248655331756122,1
2025-10-24,262.07855224609375,AAPL,0.012481724364091562,0.02033474142857418,1.030517132814275,1
2025-10-27,268.0516357421875,AAPL,0.022791195406501652,0.014503772689608953,1.0453349897125108,1
2025-10-28,268.2410888671875,AAPL,0.0007067784700340862,0.014583968821864622,1.0375083437057917,1
2025-10-29,268.93914794921875,AAPL,0.0026023570250897077,0.009118766039495702,1.0321035443482116,1
2025-10-30,270.63433837890625,AAPL,0.006303249053230431,0.00893443715233901,1.0291764157128374,0
2025-10-31,269.60723876953125,AAPL,-0.0037951562818203666,0.010212200604771609,1.018289019393653,0
2025-11-03,268.2909851074219,AAPL,-0.004882115436205092,0.004611564855164972,1.0107252644635565,1
2025-11-04,269.2781982421875,AAPL,0.0036796358788213634,0.004879209643264533,1.0116813738904258,1
2025-11-05,269.3778991699219,AAPL,0.00037025250608935245,0.004771905093867796,1.0076429368156776,0
2025-11-06,269.0089416503906,AAPL,-0.0013696651457605347,0.0034131412941292905,1.002452532400422,0
2025-11-07,267.7126159667969,AAPL,-0.004818894404181151,0.0036315043453625036,0.9955316863987356,1
2025-11-10,268.9303283691406,AAPL,0.004548580566314353,0.0038178064877920394,0.9997332738899372,1
2025-11-11,274.73956298828125,AAPL,0.021601262506795837,0.010366588980980905,1.0188674244274893,0
2025-11-12,272.962890625,AAPL,-0.006466751071293797,0.011377612240108368,1.0107703920990372,0
2025-11-13,272.4438171386719,AAPL,-0.001901626573266424,0.011427546476215656,1.0081727655955144,0
2025-11-14,271.90484619140625,AAPL,-0.001978282909578022,0.011030692043370722,1.0053235634961823,0
2025-11-17,266.9639892578125,AAPL,-0.01817127205638569,0.014461935047586874,0.9875400771920041,0
2025-11-18,266.94403076171875,AAPL,-7.47610048428271e-05,0.007349165735495797,0.9883196061103424,1
2025-11-19,268.0619812011719,AAPL,0.004187958188325291,0.008528118806150346,0.992942407428833,0
2025-11-20,265.7562561035156,AAPL,-0.008601462569680418,0.008721152939965166,0.9855891318945097,1
2025-11-21,270.98651123046875,AAPL,0.019680647235321702,0.014206318908390676,1.003767426097836,1
2025-11-24,275.4083557128906,AAPL,0.016317581500066458,0.011689156565933702,1.017704459157607,1
2025-11-25,276.45635986328125,AAPL,0.0038052736187974556,0.011281679947461144,1.020929425005884,1
2025-11-26,277.0353088378906,AAPL,0.002094178534708613,0.011453324409610296,1.0215311437942662,1
2025-11-28,278.3328857421875,AAPL,0.0046837961187689015,0.008068893646292869,1.024091954991485,1
2025-12-01,282.57501220703125,AAPL,0.01524119743713337,0.006785482867775765,1.0356344855569457,1
2025-12-02,285.6592712402344,AAPL,0.010914832876105063,0.005528932875463776,1.0398136661190411,0
2025-12-03,283.623046875,AAPL,-0.007128157809805358,0.00859321665781703,1.026171573096611,0
2025-12-04,280.179443359375,AAPL,-0.012141479874668626,0.011670667674676349,1.0092874159879908,0
2025-12-05,278.26300048828125,AAPL,-0.006840055245008081,0.012211058202133758,0.9978880580477223,0
2025-12-08,277.3746643066406,AAPL,-0.003192433705098474,0.00875670055423121,0.9924288346886498,0
2025-12-09,276.6659851074219,AAPL,-0.0025549528865235205,0.0038326634718641936,0.9894480021082517,1
2025-12-10,278.26300048828125,AAPL,0.005772358970110858,0.006564510271209307,0.9945168801330012,0
2025-12-11,277.514404296875,AAPL,-0.002690246960942222,0.004636622443478609,0.9916715806267185,1
2025-12-12,277.763916015625,AAPL,0.0008990946591842519,0.0037901671106424567,0.9927650322358542,0
2025-12-15,273.6016540527344,AAPL,-0.014984890847580368,0.007675827938192606,0.9810349289477327,1
2025-12-16,274.1007385253906,AAPL,0.0018241281266524467,0.007943353751230023,0.9869146955988581,0
2025-12-17,271.33587646484375,AAPL,-0.010087028861802017,0.007284892005755718,0.9813009958967867,1
2025-12-18,271.68524169921875,AAPL,0.001287574790797219,0.007800233896254801,0.9855922083124519,1
2025-12-19,273.1625061035156,AAPL,0.005437411303821804,0.008749931695224894,0.9927882402707547,0
2025-12-22,270.4674987792969,AAPL,-0.009865948891234266,0.007204620254467269,0.9854673165093303,1
2025-12-23,271.85491943359375,AAPL,0.005129713035979311,0.007802338140170989,0.9922618620630965,1
2025-12-24,273.3022155761719,AAPL,0.005323781322749355,0.006567385664932466,0.9993539482554901,0
2025-12-26,272.89300537109375,AAPL,-0.0014972809650131147,0.00670262771721137,0.9995467244123662,1
2025-12-29,273.2523498535156,AAPL,0.0013167962364342145,0.006243721123173299,1.0025195742459865,0
2025-12-30,272.57354736328125,AAPL,-0.0024841597541549465,0.003628712554971621,1.000406504852728,0
2025-12-31,271.3558349609375,AAPL,-0.004467463604312272,0.003801109107604511,0.9969415856561308,0
2026-01-02,270.5074462890625,AAPL,-0.00312648029845064,0.0021698061710948703,0.9941272392174396,0
2026-01-05,266.764404296875,AAPL,-0.013837112595369017,0.0056339612986611495,0.9821475339898634,0
2026-01-06,261.87347412109375,AAPL,-0.01833426835440255,0.007185253143741815,0.9681645475025253,0
2026-01-07,259.84722900390625,AAPL,-0.007737496605901173,0.006440291833538096,0.9644602226537421,0
2026-01-08,258.55963134765625,AAPL,-0.0049552102640688656,0.006348031130808621,0.9644403787667354,1
2026-01-09,258.8890075683594,AAPL,0.0012738888084979916,0.00764257394933283,0.9708886590124101,1
2026-01-12,259.7673645019531,AAPL,0.003392793467145605,0.00858383932045084,0.9790017154612904,1
2026-01-13,260.5658874511719,AAPL,0.00307399257312313,0.005052269509992491,0.986728934901548,0
2026-01-14,259.4779052734375,AAPL,-0.004175458991876879,0.004005790190783811,0.9875060778582572,0
2026-01-15,257.7311706542969,AAPL,-0.006731727764257678,0.0045642230308060305,0.985970908509125,0
2026-01-16,255.05612182617188,AAPL,-0.010379221191344046,0.006072789478064406,0.9815392020709933,0
2026-01-20,246.2425079345703,AAPL,-0.034555586545020445,0.014292694248471224,0.9551649501357136,1
2026-01-21,247.1907501220703,AAPL,0.0038508468560267684,0.01448085413132842,0.964335391492634,1
2026-01-22,247.8894500732422,AAPL,0.002826561879143208,0.015533408518761518,0.9715935745132888,0
2026-01-23,247.58001708984375,AAPL,-0.0012482700788880585,0.015922106235288787,0.9745747672771902,1
2026-01-26,254.93637084960938,AAPL,0.029713035188522863,0.022919755978237342,1.0050961880536942,1
2026-01-27,257.7910461425781,AAPL,0.011197599163490057,0.012279580880506232,1.0171433808253878,0
2026-01-28,255.96444702148438,AAPL,-0.007085580156587334,0.014294442818841447,1.0117732545419083,1
2026-01-29,257.801025390625,AAPL,0.0071751307281611165,0.014101895844956714,1.0197087586747529,1
2026-01-30,258.99884033203125,AAPL,0.004646276870277299,0.013367933910647464,1.0239331920907098,1
2026-02-02,269.50927734375,AAPL,0.040581019583889155,0.01772501542845596,1.0594319035025015,0
2026-02-03,268.98028564453125,AAPL,-0.0019627958800989553,0.01869513843131452,1.0479854104888524,1
2026-02-04,275.97723388671875,AAPL,0.02601286642781786,0.017545757648327314,1.0633207106831637,0
2026-02-05,275.3983459472656,AAPL,-0.002097593092373451,0.019044056283761095,1.0499617700835278,1
2026-02-06,277.6042175292969,AAPL,0.008009748840153375,0.018712475807265427,1.046393852388163,0
2026-02-09,274.3672180175781,AAPL,-0.01166048390953256,0.014300820700697136,1.0266728251669235,0
2026-02-10,273.4280700683594,AAPL,-0.003422959769044165,0.01445839702720968,1.0172065629388238,1
2026-02-11,275.24639892578125,AAPL,0.006650117732854843,0.00804972542817309,1.0166782012193816,0
2026-02-12,261.4891052246094,AAPL,-0.04998173910671744,0.0236965121092113,0.9645488836680409,0
2026-02-13,255.5445556640625,AAPL,-0.022733450234726726,0.021736348022898602,0.9438239556496459,1
2026-02-17,263.6371154785156,AAPL,0.03166790148756515,0.030772180060867852,0.9758292722451142,1
2026-02-18,264.106689453125,AAPL,0.0017811375828364895,0.031034156141162814,0.9793339968261162,0
2026-02-19,260.3401184082031,AAPL,-0.014261551090285374,0.03021324757584496,0.9709974050697394,1
2026-02-20,264.3364562988281,AAPL,0.015350449692731916,0.021988617258848268,0.98998712309273,1
2026-02-23,265.9349670410156,AAPL,0.006047257970275721,0.01697199376079584,1.0003456835763866,1
2026-02-24,271.8895263671875,AAPL,0.02239103564464129,0.01400076872516244,1.023698559678111,1
2026-02-25,273.97760009765625,AAPL,0.007679860855135612,0.013775551300718092,1.0313470312880986,0
2026-02-26,272.6987609863281,AAPL,-0.0046676776162442035,0.010201301925835888,1.0275184461427,0
2026-02-27,263.93682861328125,AAPL,-0.03213044438249635,0.020316054417201485,0.9935874433501357,1
2026-03-02,264.476318359375,AAPL,0.0020440108677830526,0.020089069734005812,0.9922819449388379,0
2026-03-03,263.5072326660156,AAPL,-0.003664168116717992,0.015344110992986389,0.988694236539755,0
2026-03-04,262.2783508300781,AAPL,-0.0046635601744375865,0.013437788088661749,0.9847589491931744,0
2026-03-05,260.0504150390625,AAPL,-0.008494547048829904,0.013264523120096367,0.9765000847944005,0
2026-03-06,257.2229919433594,AAPL,-0.010872595974432131,0.004953035593786552,0.9684699081038126,1
2026-03-09,259.6407775878906,AAPL,0.009399570490431275,0.007857383680856348,0.9798952889832298,1
2026-03-10,260.58990478515625,AAPL,0.0036555398041986376,0.008510899409558704,0.987689361221589,0
2026-03-11,260.5699157714844,AAPL,-7.670678451010549e-05,0.008425085383397047,0.9926580769001561,0
2026-03-12,255.52456665039062,AAPL,-0.01936274610273292,0.011568164015048352,0.9798482666973677,0
2026-03-13,249.8897705078125,AAPL,-0.022051876328148423,0.014152722861029364,0.9634303498277155,1
2026-03-16,252.58729553222656,AAPL,0.010794859745288043,0.014533209064956027,0.9783147655152713,1
2026-03-17,253.99598693847656,AAPL,0.005577047742174601,0.014854649600474154,0.9874083594734057,0
2026-03-18,249.70994567871094,AAPL,-0.01687444479508171,0.015347401047925462,0.975512710001729,0
2026-03-19,248.73085021972656,AAPL,-0.003920930967820313,0.01408766766050909,0.9760037609808487,0
2026-03-20,247.76173400878906,AAPL,-0.0038962445152316283,0.01059587469695434,0.9758237930221776,1
2026-03-23,251.25851440429688,AAPL,0.014113480475494988,0.011625327053575423,0.9928739394876879,1
2026-03-24,251.4083709716797,AAPL,0.0005964238375686381,0.011123403592469756,0.997083710157891,1
2026-03-25,252.38746643066406,AAPL,0.0038944425565474727,0.007449740650263117,1.0042256615707614,1
2026-03-26,252.6572265625,AAPL,0.0010688333127273353,0.006731521401520407,1.0064472542801033,0
2026-03-27,248.57098388671875,AAPL,-0.016173068672430957,0.010896939182284767,0.9906903550326679,0
2026-03-30,246.40298461914062,AAPL,-0.008721851736991693,0.008359627757149334,0.9844762216147009,1
2026-03-31,253.55638122558594,AAPL,0.029031290418426448,0.01717704171138675,1.0132348009331695,1
2026-04-01,255.3946990966797,AAPL,0.007250134515282447,0.01734311418385917,1.0182677109824696,1
2026-04-02,255.68443298339844,AAPL,0.0011344553655323608,0.017341793617716116,1.016604437731041,1
2026-04-06,258.6217041015625,AAPL,0.011487876222620041,0.013980273300487844,1.0238620912499283,0
2026-04-07,253.26666259765625,AAPL,-0.0207060792616357,0.018016370893898865,1.0018654292208382,1
2026-04-08,258.66168212890625,AAPL,0.021301735790709264,0.015688686981697654,1.0202794698655788,1
2026-04-09,260.2502136230469,AAPL,0.006141348347641795,0.0156406787978019,1.0233714511206866,0
2026-04-10,260.240234375,AAPL,-3.834482173115106e-05,0.01570067335888557,1.0202898733835466,0
2026-04-13,258.96142578125,AAPL,-0.004913954203973225,0.015360120498083503,1.0111571207745074,0
2026-04-14,258.59173583984375,AAPL,-0.00142758690909639,0.010355371361508253,1.0049308420659884,1
2026-04-15,266.18475341796875,AAPL,0.02936295529114541,0.013751721549180257,1.0293867658766829,0
2026-04-16,263.15753173828125,AAPL,-0.011372633634406881,0.015738058300730117,1.0146339615228677,1
2026-04-17,269.98126220703125,AAPL,0.02593021154924191,0.018759295237019465,1.0352370911373332,1
2026-04-20,272.79864501953125,AAPL,0.010435475371396441,0.017425192945500424,1.0403846305819777,0
2026-04-21,265.9250183105469,AAPL,-0.025196703995697067,0.023651722135697908,1.0092979058341771,1
2026-04-22,272.9185791015625,AAPL,0.026298995241013978,0.022917948504870115,1.0302665561018005,1
2026-04-23,273.1783142089844,AAPL,0.0009516944880663125,0.021292472456124572,1.0262386483866897,0
2026-04-24,270.81048583984375,AAPL,-0.008667702544387201,0.019419859752702127,1.0133197394522364,0
2026-04-27,267.3636474609375,AAPL,-0.012727861582674027,0.01929847767471696,0.9972869292113434,1
2026-04-28,270.4608154296875,AAPL,0.011584102768505522,0.015835375750756702,1.004392897200566,0
2026-04-29,269.92132568359375,AAPL,-0.001994705758897597,0.009389350657363854,1.001000413945659,1
2026-04-30,271.1002502441406,AAPL,0.004367659937802859,0.009789126511102874,1.0024197669567592,1
2026-05-01,279.88214111328125,AAPL,0.03239351812191993,0.016900353884533516,1.031116805772541,0
2026-05-04,276.5751647949219,AAPL,-0.011815603186417278,0.01664078107941053,1.0175178542493977,1
2026-05-05,283.9184265136719,AAPL,0.026550690927708454,0.01888691411261344,1.0376645651874221,1
2026-05-06,287.245361328125,AAPL,0.011717924952267644,0.017685213595780656,1.044355439117316,0
2026-05-07,287.1754150390625,AAPL,-0.00024350711440246364,0.01833298848546446,1.038814592125501,1
2026-05-08,293.0500183105469,AAPL,0.020456497888878378,0.015530951824029297,1.0516051246363907,0
2026-05-11,292.67999267578125,AAPL,-0.0012626705737772692,0.012324463104483927,1.04082171118681,1
2026-05-12,294.79998779296875,AAPL,0.007243389265544797,0.008978307008464255,1.0393646305554893,1
2026-05-13,298.8699951171875,AAPL,0.013805995565634221,0.00926281355276856,1.043068208595152,0
2026-05-14,298.2099914550781,AAPL,-0.00220833028705536,0.009729865357672991,1.0310099637073336,1
2026-05-15,300.2300109863281,AAPL,0.0067738157309671365,0.006648720078776405,1.0307426355465892,0
2026-05-18,297.8399963378906,AAPL,-0.007960612067346995,0.008585893688748986,1.0151262704379975,1
2026-05-19,298.9700012207031,AAPL,0.003793999787491842,0.008348307246395303,1.0137769640366165,1
2026-05-20,302.25,AAPL,0.0109709963070026,0.007467179097533804,1.0197108990170511,1
2026-05-21,304.989990234375,AAPL,0.009065310949131433,0.007477420437126884,1.0228076550693783,1
2026-05-22,308.82000732421875,AAPL,0.012557845216167651,0.008312383377250755,1.0302035924383646,0
2026-05-26,308.3299865722656,AAPL,-0.001586751960143129,0.005807900280074061,1.0232269163966456,1
2026-05-27,310.8500061035156,AAPL,0.008173125031610828,0.005534824686340596,1.026124355001147,1
2026-05-28,312.510009765625,AAPL,0.005340207912225559,0.0053056088631638345,1.026979986084867,0
2026-05-29,312.05999755859375,AAPL,-0.001439992937726231,0.006152224198826169,1.020854791486378,0
2026-06-01,306.30999755859375,AAPL,-0.018425943872925732,0.01032978567288132,1.000055496831649,1
2026-06-02,315.20001220703125,AAPL,0.029022933365852488,0.017149698786252665,1.023280312349312,0
2026-06-03,310.260009765625,AAPL,-0.015672595971098935,0.019090517439355505,1.0035645464472822,1
2026-06-04,311.2300109863281,AAPL,0.0031264139436979477,0.018954069888913603,1.0037864391209332,0
2026-06-05,307.3399963378906,AAPL,-0.012498841728371679,0.01969595582300076,0.9904895499786597,0
2026-06-08,301.5400085449219,AAPL,-0.01887156849768501,0.019784642509286108,0.9740828364392081,0
2026-06-09,290.54998779296875,AAPL,-0.03644631040831148,0.014181468438320792,0.9440030681674749,1
2026-06-10,291.5799865722656,AAPL,0.003544996808021894,0.01669792177847226,0.9533181572594465,1
2026-06-11,295.6300048828125,AAPL,0.013889904990249002,0.019611996415797788,0.9719236075102158,0
2026-06-12,291.1300048828125,AAPL,-0.015221729613622226,0.019733506912020176,0.9637609053336301,1
2026-06-15,296.4200134277344,AAPL,0.018170605764429082,0.022605867500837942,0.9844962600388564,1
2026-06-16,299.239990234375,AAPL,0.009513449426140408,0.01302982452224694,0.999158538100288,0
2026-06-17,295.95001220703125,AAPL,-0.010994446379867018,0.015157611050799356,0.9929175928127342,1
2026-06-18,298.010009765625,AAPL,0.006960626705947437,0.014208253932557171,1.0042832532781567,0
2026-06-22,297.010009765625,AAPL,-0.0033555919842641613,0.011389581813140601,1.0044098088832378,0
2026-06-23,294.29998779296875,AAPL,-0.00912434558954689,0.009280984772722,0.9976879506622109,0
2026-06-24,293.0799865722656,AAPL,-0.004145434153267291,0.00699403391813559,0.9927006823932434,0
2026-06-25,275.1499938964844,AAPL,-0.06117781321571136,0.02692183057859066,0.9371849118438424,1
2026-06-26,283.7799987792969,AAPL,0.03136472859984596,0.033192104817323584,0.9704965957329474,0
2026-06-29,281.739990234375,AAPL,-0.007188697419469814,0.033064863233577935,0.9666240923269506,1
2026-06-30,289.3599853515625,AAPL,0.02704619642688466,0.03703735281578513,0.9951781487076442,1
2026-07-01,294.3800048828125,AAPL,0.017348699838890536,0.03807785084614098,1.0141382924780125,1
2026-07-02,308.6300048828125,AAPL,0.0484068203126522,0.02045946759222476,1.0586052460519537,1
2026-07-06,312.6600036621094,AAPL,0.01305770247720095,0.020314361194575394,1.0670662242774398,0
2026-07-07,310.6600036621094,AAPL,-0.006396724801939757,0.02005336974536481,1.0553242063269628,1
2026-07-08,313.3900146484375,AAPL,0.008787777487112347,0.020087418253520693,1.0577387702593162,1
2026-07-09,316.2200012207031,AAPL,0.009030238488741738,0.020315903867725253,1.0590193508020118,0
2026-07-10,315.32000732421875,AAPL,-0.0028461004775477416,0.008436465447951267,1.0419875015626174,1
2026-07-13,317.30999755859375,AAPL,0.0063110179758711915,0.007129125518106818,1.0370726129485868,0
2026-07-14,314.8599853515625,AAPL,-0.0077211944971221635,0.007575159532852269,1.0180451452625328,1
2026-07-15,327.5,AAPL,0.040144874663333496,0.018689314332712852,1.0460150740321235,1
2026-07-16,333.260009765625,AAPL,0.017587816078244334,0.019082340992797393,1.0513564119420995,1
2026-07-17,333.739990234375,AAPL,0.0014402582208634662,0.018406213599049114,1.044595760869504,0
2026-07-20,326.5899963378906,AAPL,-0.021423845225929217,0.023776456327367322,1.01777894172893,1
2026-07-21,327.739990234375,AAPL,0.0035212159263280363,0.02265915283461335,1.0159550609544619,0
2026-07-22,325.8900146484375,AAPL,-0.0056446440503478135,0.014235194927118245,1.0063210116800085,0
2026-07-23,321.6600036621094,AAPL,-0.012979872951588756,0.010338950803448571,0.9915933873622736,1
2026-07-24,333.0199890136719,AAPL,0.035316748188238156,0.021901477712883866,1.0210419870853953,0
2025-08-07,516.7127075195312,MSFT,-0.007810405975390733,0.015731559216914506,0.9980071617782007,1
2025-08-08,517.9031982421875,MSFT,0.0023039702823861585,0.01408057671151137,0.9987124519363088,0
2025-08-11,517.6353759765625,MSFT,-0.0005171280396297773,0.006631102432962604,0.9964288848552213,1
2025-08-12,525.0460815429688,MSFT,0.01431645886339461,0.008633193707797998,1.0074869163570321,0
2025-08-13,516.454833984375,MSFT,-0.016362844825632106,0.011470146136071486,0.9896187868881438,1
2025-08-14,518.3396606445312,MSFT,0.003649547910346884,0.011060065098289155,0.9953155407272444,0
2025-08-15,516.0479736328125,MSFT,-0.0044212071460423275,0.011220658437203889,0.9916593660932448,0
2025-08-18,513.0023193359375,MSFT,-0.005901882097190669,0.011458563867647315,0.9893033909479757,0
2025-08-19,505.7304382324219,MSFT,-0.014175142741905788,0.008053512755111503,0.9786463171138102,0
2025-08-20,501.7125549316406,MSFT,-0.007944713224745104,0.006440878807164445,0.9744668503970135,0
2025-08-21,501.066650390625,MSFT,-0.0012873995969736596,0.0048099529742656405,0.9761788361526567,1
2025-08-22,504.0378112792969,MSFT,0.005929672003426312,0.007523029263060933,0.9846269868787094,0
2025-08-25,501.0865173339844,MSFT,-0.005855302676245344,0.007521160169369359,0.982036409264155,0
2025-08-26,498.8804626464844,MSFT,-0.004402542497525697,0.005404339798939389,0.9827524822197939,1
2025-08-27,503.5509033203125,MSFT,0.009361843214007903,0.0066204712365357694,0.9944807928707367,1
2025-08-28,506.4326477050781,MSFT,0.005722846222226963,0.006820603139613743,1.0025295607478983,0
2025-08-29,503.5011901855469,MSFT,-0.005788444984373142,0.0072004025454714795,0.9992082571300025,0
2025-09-02,501.9410705566406,MSFT,-0.0030985420875198066,0.0067498147438504585,0.998303571522867,1
2025-09-03,502.1696472167969,MSFT,0.000455385449735779,0.006222073530336071,0.9994660070119774,1
2025-09-04,504.77313232421875,MSFT,0.005184473258890376,0.005042775287107528,1.0040361078700446,0
2025-09-05,491.884765625,MSFT,-0.025532988730748163,0.011794783622651767,0.9801902395198324,1
2025-09-08,495.06463623046875,MSFT,0.006464665766642286,0.012997924172869994,0.9882940157818504,1
2025-09-09,495.2733154296875,MSFT,0.00042151909861232184,0.01310680271621033,0.989859317837066,1
2025-09-10,497.2209777832031,MSFT,0.003932500081951451,0.013398534259858291,0.9940816434424082,1
2025-09-11,497.8569641113281,MSFT,0.0012790818500065804,0.012989444415970013,0.996487531952754,1
2025-09-12,506.6910095214844,MSFT,0.017744143492950837,0.0069967295117728595,1.0141169071786835,1
2025-09-15,512.1166381835938,MSFT,0.010707963157335909,0.007321767415930402,1.0232116697108988,0
2025-09-16,505.8364562988281,MSFT,-0.01226318657999581,0.011240608952109696,1.0098778460968918,1
2025-09-17,506.81024169921875,MSFT,0.0019250992850845527,0.011291860244630794,1.0108854041089632,0
2025-09-18,505.2501525878906,MSFT,-0.0030782509566056326,0.011703286058988625,1.0076777680116353,1
2025-09-19,514.6705322265625,MSFT,0.01864498128386649,0.011990288778743372,1.0218223070701717,0
2025-09-22,511.21240234375,MSFT,-0.00671911381413659,0.011788817775733994,1.0117130519249937,0
2025-09-23,506.0252380371094,MSFT,-0.010146788855002531,0.011278767894729097,0.9993210026668713,1
2025-09-24,506.9394226074219,MSFT,0.001806598765426548,0.01127416375310247,0.9992086521119481,0
2025-09-25,503.83905029296875,MSFT,-0.006115863505952057,0.011566399166848531,0.9919280402496279,1
2025-09-26,508.2411804199219,MSFT,0.008737175342787395,0.00765128916715141,1.0002894128097286,1
2025-09-29,511.3613586425781,MSFT,0.0061391684555711645,0.008025229017234556,1.0065799856615887,1
2025-09-30,514.6903686523438,MSFT,0.006510093016419027,0.005889621331012597,1.0113702662212323,1
2025-10-01,516.439208984375,MSFT,0.0033978493450546043,0.005823574913600401,1.012890261389226,0
2025-10-02,512.4942626953125,MSFT,-0.007638742799603859,0.006471297661319835,1.0037269734047507,1
2025-10-03,514.0940551757812,MSFT,0.0031215812486466987,0.005768942615737478,1.0069738798946042,1
2025-10-06,525.2435302734375,MSFT,0.02168761724708901,0.010556113937992582,1.0259929810438586,0
2025-10-07,520.682373046875,MSFT,-0.008683890354990176,0.012218376245323265,1.0141796976759287,1
2025-10-08,521.5468139648438,MSFT,0.0016602077633438572,0.012206783396280244,1.0129812996686984,0
2025-10-09,519.1123046875,MSFT,-0.004667863386675464,0.01167944390741953,1.0052707375379124,0
2025-10-10,507.74432373046875,MSFT,-0.021898885567497084,0.015980720598741626,0.9833510440077767,1
2025-10-13,510.81488037109375,MSFT,0.006047446514153343,0.010774562446575172,0.9894025219766418,0
2025-10-14,510.3379211425781,MSFT,-0.0009337222677795465,0.010761026363781685,0.9893127150805626,0
2025-10-15,510.19879150390625,MSFT,-0.0002726225759598355,0.010541194872963365,0.9902409328688705,0
2025-10-16,508.3902587890625,MSFT,-0.003544760875486941,0.010544563981329202,0.9875173655776883,1
2025-10-17,510.3478698730469,MSFT,0.0038506069896917516,0.003860442307487053,0.9920417897305611,1
2025-10-20,513.5376586914062,MSFT,0.006250224614737565,0.003926832646071959,1.0005189051115226,1
2025-10-21,514.4021606445312,MSFT,0.0016834246495727179,0.0037640350940649756,1.003430967127403,1
2025-10-22,517.2640380859375,MSFT,0.005563501984168218,0.003941438101375629,1.0098572223176356,1
2025-10-23,517.2838745117188,MSFT,3.834874323493942e-05,0.002608883009771713,1.0102565756718285,1
2025-10-24,520.3146362304688,MSFT,0.005858991296820992,0.002826294915053491,1.0136870737259305,1
2025-10-27,528.1749877929688,MSFT,0.015106919957981635,0.005846127862036395,1.0255322799015314,1
2025-10-28,538.6585083007812,MSFT,0.019848574336355673,0.008008924433488487,1.04016788162361,0
2025-10-29,538.1417846679688,MSFT,-0.0009592786985627155,0.009207812481973235,1.033592920210611,0
2025-10-30,522.4512329101562,MSFT,-0.029156910325210172,0.01926569255350066,1.0007538587362574,0
2025-10-31,514.5512084960938,MSFT,-0.015121075262963357,0.020498381200776856,0.9848284513413739,0
2025-11-03,513.776123046875,MSFT,-0.0015063329682659665,0.01824321136121793,0.9833000929459916,0
2025-11-04,511.0931701660156,MSFT,-0.005222027183646616,0.011928389819044694,0.9787851351771594,0
2025-11-05,503.96826171875,MSFT,-0.01394052760468567,0.010712492499218112,0.9676041156622055,0
2025-11-06,493.9715576171875,MSFT,-0.01983597948702054,0.007535595865351628,0.952674813376302,0
2025-11-07,493.6933288574219,MSFT,-0.0005632485423001654,0.008371711609697961,0.9570519090943844,1
2025-11-10,502.8155517578125,MSFT,0.018477508945690335,0.014730073190841004,0.9795513849113655,1
2025-11-11,505.47869873046875,MSFT,0.005296468980217517,0.015291054818160755,0.991146185536195,1
2025-11-12,507.9232177734375,MSFT,0.004836047590349946,0.013902860936226464,1.0018758081807264,0
2025-11-13,500.12261962890625,MSFT,-0.015357829434784254,0.012215119450199338,0.9908531919833752,1
2025-11-14,506.96923828125,MSFT,0.01368988000867466,0.012951437406548465,1.0059289149302364,0
2025-11-17,504.296142578125,MSFT,-0.005272698028360612,0.011185698663492043,1.0025106969493025,0
2025-11-18,490.6824035644531,MSFT,-0.026995524780487168,0.016076841634022853,0.9794214351002222,0
2025-11-19,484.0543518066406,MSFT,-0.013507824429130677,0.01510058110792289,0.9700474189281357,0
2025-11-20,476.308837890625,MSFT,-0.01600133102224366,0.015165709140996391,0.9579160260204114,0
2025-11-21,470.0268249511719,MSFT,-0.013188948933371858,0.00782658848655506,0.9498028275177098,1
2025-11-24,471.89849853515625,MSFT,0.00398205694787479,0.011107039212964409,0.9595800090510925,1
2025-11-25,474.8752136230469,MSFT,0.006307956259938852,0.010700963791005845,0.9716798125108326,1
2025-11-26,483.3475341796875,MSFT,0.01784115134584785,0.014174981432284534,0.994014224285125,1
2025-11-28,489.82867431640625,MSFT,0.013408861488697132,0.011905282407413542,1.009479863127344,0
2025-12-01,484.5820007324219,MSFT,-0.010711242234453744,0.010936170095972487,1.003296035851096,1
2025-12-02,487.82757568359375,MSFT,0.006697679538790746,0.010867827993962813,1.0134714363252646,0
2025-12-03,475.6119689941406,MSFT,-0.025040828559835693,0.017914887756537885,0.9911966218174108,1
2025-12-04,478.70819091796875,MSFT,0.006509974781282901,0.01574895537384847,0.9987620714208882,1
2025-12-05,481.01788330078125,MSFT,0.004824844083790358,0.014048976469110533,1.0025959114833036,1
2025-12-08,488.8430480957031,MSFT,0.01626792904501806,0.015692819849773512,1.0149256278980763,1
2025-12-09,489.8385925292969,MSFT,0.0020365318428314794,0.01546985628354767,1.0132186365234483,0
2025-12-10,476.43829345703125,MSFT,-0.027356560460197188,0.01644529650222962,0.9851819315208151,1
2025-12-11,481.3265075683594,MSFT,0.010259910209692302,0.01687039322985672,0.995705924227609,0
2025-12-12,476.4084167480469,MSFT,-0.010217785106327315,0.017396891529643462,0.9882756749172973,0
2025-12-15,472.7148742675781,MSFT,-0.007752890903315213,0.014178314370370631,0.9830336662506892,1
2025-12-16,474.2779235839844,MSFT,0.0033065371992535564,0.014381770157538791,0.9890710252099482,0
2025-12-17,474.00909423828125,MSFT,-0.0005668181720785981,0.008307954279417447,0.9888409391721551,1
2025-12-18,481.8342590332031,MSFT,0.016508469753089283,0.010582628297602653,1.0045101126612328,1
2025-12-19,483.7656555175781,MSFT,0.004008424988813264,0.008830143662320678,1.0079592113863598,0
2025-12-22,482.7701110839844,MSFT,-0.0020579063896725147,0.007317948062247018,1.00715932309192,1
2025-12-23,484.6915283203125,MSFT,0.003979983831256417,0.007302659671410368,1.0122547450146235,1
2025-12-24,485.8563232421875,MSFT,0.0024031674865694352,0.006910519658037945,1.012695482002814,0
2025-12-26,485.5476989746094,MSFT,-0.0006352171471570855,0.00275990039129175,1.0111625343969546,0
2025-12-29,484.9404296875,MSFT,-0.0012506892492577526,0.0025801217947021638,1.008106671981477,1
2025-12-30,485.3187255859375,MSFT,0.0007800873577012979,0.002157643319494186,1.0062565691647711,0
2025-12-31,481.4758605957031,MSFT,-0.007918229377188779,0.003945966874230441,0.9968011574391572,0
2026-01-02,470.84320068359375,MSFT,-0.022083474546271464,0.009479172804694748,0.9754276548997867,0
2026-01-05,470.7536315917969,MSFT,-0.00019023125249939543,0.009546582064219598,0.9774859471212632,1
2026-01-06,476.3885192871094,MSFT,0.011969929315805317,0.012584296090135524,0.9907039541537648,1
2026-01-07,481.3265075683594,MSFT,0.010365464492384069,0.014042715246263595,1.001273656905599,0
2026-01-08,475.9902648925781,MSFT,-0.011086533967845869,0.014465820817294535,0.9919685348050298,1
2026-01-09,477.15509033203125,MSFT,0.0024471623168931256,0.009262516007146808,0.9962025024014305,0
2026-01-12,475.06439208984375,MSFT,-0.004381590565727067,0.009765609421648485,0.9940131481363813,0
2026-01-13,468.5832824707031,MSFT,-0.013642591882396693,0.00985565570063766,0.9838193833832605,0
2026-01-14,457.34332275390625,MSFT,-0.02398711208289772,0.00995617945201204,0.965893678069205,0
2026-01-15,454.6353759765625,MSFT,-0.005921037090992787,0.010099100869976368,0.9656484799239288,1
2026-01-16,457.8211669921875,MSFT,0.00700735398951724,0.011509682082447388,0.9751121720790286,0
2026-01-20,452.5048828125,MSFT,-0.011612141515025765,0.01136567632700542,0.9675497003252246,0
2026-01-21,442.1410217285156,MSFT,-0.022903313262762626,0.012841550464006975,0.9523636016559259,1
2026-01-22,449.1398620605469,MSFT,0.015829429951262686,0.015265862143163427,0.9741930001364639,1
2026-01-23,463.8841857910156,MSFT,0.03282791169509047,0.02206406104947355,1.0088227207434943,1
2026-01-26,468.19500732421875,MSFT,0.009292883148952935,0.022159457438558357,1.020185501258018,1
2026-01-27,478.4493103027344,MSFT,0.021901777716768045,0.021036987071505208,1.0417610104366695,1
2026-01-28,479.49468994140625,MSFT,0.0021849328991829786,0.011758511392361476,1.0415626264036577,0
2026-01-29,431.57806396484375,MSFT,-0.0999315049399564,0.05340256387522287,0.9427540667529036,0
2026-01-30,428.38232421875,MSFT,-0.007404777983234245,0.04878021504268707,0.9411706145228278,0
2026-02-02,421.49298095703125,MSFT,-0.01608223045683077,0.046933130472696864,0.9334850341705374,0
2026-02-03,409.3868713378906,MSFT,-0.028721972051949263,0.04071905762740676,0.9154151616357563,1
2026-02-04,412.3536682128906,MSFT,0.007246927253197866,0.04176845563890634,0.9282317282113774,0
2026-02-05,391.9246520996094,MSFT,-0.049542462425080536,0.021559066501014544,0.8937559469512376,1
2026-02-06,399.3615417480469,MSFT,0.018975304586217767,0.027488351442133917,0.9243155473108059,1
2026-02-09,411.76629638671875,MSFT,0.031061465218646278,0.03379631545541165,0.9656376893181745,0
2026-02-10,411.437744140625,MSFT,-0.0007979095156083194,0.03091458009694033,0.9802721316160301,0
2026-02-11,402.57720947265625,MSFT,-0.021535541632126787,0.03220387772338192,0.9770671688692096,0
2026-02-12,400.05841064453125,MSFT,-0.006256685100044401,0.0208353516223498,0.9784389430150889,0
2026-02-13,399.5407409667969,MSFT,-0.001293985238056461,0.019168816559047952,0.9841147061610727,0
2026-02-17,395.1004943847656,MSFT,-0.011113376251159934,0.008552556442117725,0.9795456726186335,1
2026-02-18,397.828369140625,MSFT,0.006904255485954636,0.010654342996508892,0.9891432152893878,0
2026-02-19,397.5988464355469,MSFT,-0.0005769390090856197,0.006743334827806096,0.9922125460644007,0
2026-02-20,396.37152099609375,MSFT,-0.0030868435621884682,0.006440212843562026,0.9880532773812614,0
2026-02-23,383.6390686035156,MSFT,-0.03212252071132937,0.014941275758864978,0.9600772620599277,1
2026-02-24,388.1593017578125,MSFT,0.01178251519260276,0.01710069738103753,0.9771622431302617,1
2026-02-25,399.7342224121094,MSFT,0.0298200264733548,0.02271020539315149,1.0092748481022396,1
2026-02-26,400.851806640625,MSFT,0.0027958182358562844,0.022695680506647522,1.01253769994144,0
2026-02-27,391.8912048339844,MSFT,-0.022353901512221608,0.025234490406877474,0.9919499323049603,1
2026-03-02,397.6886291503906,MSFT,0.014793453501622311,0.01925496735627737,1.0070964284790767,1
2026-03-03,403.0570068359375,MSFT,0.013498946894749508,0.019368323643817024,1.0186387280657268,1
2026-03-04,404.32427978515625,MSFT,0.0031441531290252733,0.014918507247755303,1.0201666767600985,1
2026-03-05,409.79241943359375,MSFT,0.013524143668401711,0.01574277187517056,1.0307922129489502,0
2026-03-06,408.0761413574219,MSFT,-0.004188164531066962,0.008350401679363054,1.0234618284515726,1
2026-03-09,408.5251770019531,MSFT,0.0011003722075924038,0.007859738099614802,1.0182327403007774,0
2026-03-10,404.8830871582031,MSFT,-0.008915215141642507,0.00846563314389119,1.0049659397131134,0
2026-03-11,404.0049743652344,MSFT,-0.0021688058128880305,0.008452143035781604,1.0017244864208215,0
2026-03-12,400.9914855957031,MSFT,-0.007459038776109095,0.004030968498897645,0.9942181516827673,0
2026-03-13,394.69512939453125,MSFT,-0.015701969810701044,0.006478253084674463,0.9779271085041732,1
2026-03-16,399.08563232421875,MSFT,0.011123782896491852,0.010039846011286125,0.9884632183143232,0
2026-03-17,398.5467834472656,MSFT,-0.0013502086602691366,0.009798662176586745,0.9882325423612357,0
2026-03-18,390.9432678222656,MSFT,-0.019078100591435554,0.01205116649039426,0.9726059928698753,0
2026-03-19,388.1792297363281,MSFT,-0.007070176962847952,0.012044627411752402,0.9709503206767417,0
2026-03-20,381.0447082519531,MSFT,-0.018379451907360234,0.012607110346406752,0.95959293515629,1
2026-03-23,382.1722717285156,MSFT,0.002959136952026542,0.009923966357169819,0.9688623646939132,0
2026-03-24,371.9344177246094,MSFT,-0.026788584000617788,0.011657718312845426,0.950850335837093,0
2026-03-25,370.2381286621094,MSFT,-0.004560720873527657,0.011781678680459472,0.9547556957505088,0
2026-03-26,365.1790771484375,MSFT,-0.01366431796733969,0.011632396244398773,0.9504875191217474,0
2026-03-27,355.9989318847656,MSFT,-0.02513874928256188,0.012873121509300029,0.9360209045740953,1
2026-03-30,358.1842041015625,MSFT,0.00613842352061944,0.01392140284603615,0.9520045793631531,1
2026-03-31,369.3699951171875,MSFT,0.031229157756083703,0.02147801267606834,0.989407529069484,0
2026-04-01,368.57171630859375,MSFT,-0.0021611901863888283,0.021410828835073607,0.993221131592792,1
2026-04-02,372.6528625488281,MSFT,0.011072868751592857,0.020510925022010514,1.008438265149331,0
2026-04-06,372.0741271972656,MSFT,-0.0015530146410365209,0.013624831699934805,1.0093223105958882,0
2026-04-07,371.48541259765625,MSFT,-0.0015822508381434508,0.014435826760928302,1.01065521431102,1
2026-04-08,373.52099609375,MSFT,0.005479578543501118,0.005849804464754206,1.0157547374513891,0
2026-04-09,372.26373291015625,MSFT,-0.003365977272341003,0.006096598150547677,1.011778398270446,0
2026-04-10,370.0684814453125,MSFT,-0.005897032858082851,0.004227063960753422,1.0044770633945805,1
2026-04-13,383.539306640625,MSFT,0.03640089840318694,0.017399874831833164,1.0333165945872296,1
2026-04-14,392.2604064941406,MSFT,0.022738477393367207,0.018064732404615532,1.047198647934839,1
2026-04-15,410.3312683105469,MSFT,0.046068533854630056,0.023288374894786395,1.0835922207537643,1
2026-04-16,419.35174560546875,MSFT,0.02198340217176664,0.019621150042087893,1.0927595132848362,1
2026-04-17,421.87628173828125,MSFT,0.006020092104702002,0.015287490171398932,1.0854156299705617,0
2026-04-20,417.1664733886719,MSFT,-0.011163956243767204,0.021309782283924876,1.060989042918209,1
2026-04-21,423.2433166503906,MSFT,0.014566950244961241,0.021084208777435776,1.0624585255948265,1
2026-04-22,431.984375,MSFT,0.020652560845584977,0.013609195317908227,1.0687165992654162,0
2026-04-23,414.8514709472656,MSFT,-0.039660934617680055,0.02426012120590468,1.0156295451996233,1
2026-04-24,423.7023010253906,MSFT,0.021334937195510273,0.026386369313342425,1.0238542152010484,1
2026-04-27,423.9018859863281,MSFT,0.0004710499812119462,0.025528463833242608,1.0144422367822163,1
2026-04-28,428.3222961425781,MSFT,0.010427908679775388,0.025142980282786585,1.016250512758757,0
2026-04-29,423.5426330566406,MSFT,-0.011159034047451222,0.023412432956579948,1.0017700218322734,0
2026-04-30,406.8987121582031,MSFT,-0.03929691983619443,0.02327287037727845,0.9652465945036459,1
2026-05-01,413.5443115234375,MSFT,0.01633231850252348,0.02200342372745613,0.9829541309204765,0
2026-05-04,412.72607421875,MSFT,-0.0019785964451384253,0.02188800200265409,0.9820457509373204,0
2026-05-05,410.4909362792969,MSFT,-0.005415548178495877,0.020149530837056673,0.9797001565360899,1
2026-05-06,413.0653381347656,MSFT,0.0062715193636264654,0.021020993080607436,0.9903159594697665,1
2026-05-07,419.8606262207031,MSFT,0.016450879458010714,0.010117715292489117,1.005400107719198,0
2026-05-08,414.22283935546875,MSFT,-0.013427757958591746,0.011432286545568932,0.9941565300744009,0
2026-05-11,411.7681579589844,MSFT,-0.0059259923965174766,0.011767281569418302,0.991151556304749,0
2026-05-12,406.8887023925781,MSFT,-0.01185000702966521,0.012761479515873758,0.9844855605812689,0
2026-05-13,404.3342590332031,MSFT,-0.006277990380058274,0.012014885039894754,0.982872923410203,1
2026-05-14,408.5451354980469,MSFT,0.010414344989990054,0.009449703996273442,0.9927115984851487,1
2026-05-15,421.0081481933594,MSFT,0.030505840389261074,0.017299742660679955,1.021143139203705,1
2026-05-18,422.6246643066406,MSFT,0.00383963141857957,0.016521143406913553,1.02260879707928,0
2026-05-19,416.51788330078125,MSFT,-0.014449655975185882,0.01722283605154193,1.006364852382777,1
2026-05-20,420.1499938964844,MSFT,0.008720179231968883,0.0160776882941802,1.0134058359327016,0
2026-05-21,419.0899963378906,MSFT,-0.0025229027109182622,0.016585975214751927,1.0110370398008757,0
2026-05-22,418.57000732421875,MSFT,-0.001240757398686787,0.008675957372843393,1.0087247021630745,0
2026-05-26,416.0299987792969,MSFT,-0.00606830040489359,0.008383483830557984,1.0015747661486007,0
2026-05-27,412.6700134277344,MSFT,-0.008076305462157207,0.006502169541109713,0.9921049046216572,1
2026-05-28,426.989990234375,MSFT,0.034700793226276616,0.01773205256717486,1.0209708188192814,1
2026-05-29,450.239990234375,MSFT,0.05445092515456418,0.028214994816461288,1.065936653434093,1
2026-06-01,460.5199890136719,MSFT,0.022832265019252507,0.026823044416795762,1.0801700897647464,0
2026-06-02,441.30999755859375,MSFT,-0.04171369737114239,0.03782195672215716,1.0305953823832164,0
2026-06-03,427.3399963378906,MSFT,-0.03165575513355168,0.04223228506966685,0.9954552949193728,1
2026-06-04,428.04998779296875,MSFT,0.0016614205577816232,0.039448950549928384,0.9952776129922101,0
2026-06-05,416.6700134277344,MSFT,-0.026585620113925623,0.02661814717265181,0.9693629823399694,0
2026-06-08,411.739990234375,MSFT,-0.011831960627074034,0.017074396584224032,0.9594180050995893,0
2026-06-09,403.4100036621094,MSFT,-0.020231181740505533,0.013128391218120173,0.9427802360142357,0
2026-06-10,397.3599853515625,MSFT,-0.014997194555478321,0.010576065763311267,0.931975782572186,0
2026-06-11,390.3399963378906,MSFT,-0.017666572560045224,0.005601768069380467,0.9234488948602646,1
2026-06-12,390.739990234375,MSFT,0.0010247320290952544,0.008303255847968273,0.9375929696769221,1
2026-06-15,399.760009765625,MSFT,0.023084454513702557,0.018128309619952584,0.9734289472315317,0
2026-06-16,393.8299865722656,MSFT,-0.014833957996038927,0.017187257700347333,0.9702062220528155,0
2026-06-17,378.9100036621094,MSFT,-0.03788432424867805,0.022765273669203633,0.9447219059886078,1
2026-06-18,379.3999938964844,MSFT,0.0012931572923366996,0.022592313997670647,0.9575584945283698,0
2026-06-22,367.3399963378906,MSFT,-0.03178702623248908,0.0248856368458501,0.9388089962086676,1
2026-06-23,373.94000244140625,MSFT,0.01796702283800511,0.023123495524879745,0.964998994857194,0
2026-06-24,365.4599914550781,MSFT,-0.022677464114465473,0.02353720940867213,0.9524429921727424,0
2026-06-25,352.8299865722656,MSFT,-0.03455919985256439,0.022749271459911576,0.9303238996111802,1
2026-06-26,372.9700012207031,MSFT,0.05708135763656941,0.039563411609500436,0.987952905448997,0
2026-06-29,368.57000732421875,MSFT,-0.011797179081651343,0.0368158915232361,0.9820650873890441,1
2026-06-30,373.0199890136719,MSFT,0.012073640288203347,0.0362347566265422,1.0010546556434174,1
2026-07-01,384.2799987792969,MSFT,0.030186076074363744,0.03566261878606103,1.0339223880420543,1
2026-07-02,390.489990234375,MSFT,0.01616006941502235,0.025321296384355187,1.0473674186873678,0
2026-07-06,386.739990234375,MSFT,-0.009603319147180267,0.017856591674212142,1.0352710513771608,1
2026-07-07,388.8399963378906,MSFT,0.0054300205733650575,0.014588457846483124,1.0349361512709665,0
2026-07-08,383.3399963378906,MSFT,-0.014144635458798516,0.0182825769457192,1.01775104387605,1
2026-07-09,384.3599853515625,MSFT,0.0026607946559606965,0.01214451170598161,1.0153641090625174,1
2026-07-10,385.1000061035156,MSFT,0.0019253324491523838,0.008585653779331306,1.008719913361224,1
2026-07-13,390.989990234375,MSFT,0.015294687191659273,0.010598740766741638,1.0193365939105077,0
2026-07-14,384.92999267578125,MSFT,-0.015499111767442342,0.012902949231634637,0.9992757156266387,1
2026-07-15,395.6300048828125,MSFT,0.027797294081066015,0.01620592984658868,1.021059720413079,1
2026-07-16,401.1000061035156,MSFT,0.013826052506617614,0.016324530882220224,1.0307026827083874,0
2026-07-17,393.82000732421875,MSFT,-0.018150083940457584,0.02036625266232131,1.0111301071743408,1
2026-07-20,402.2900085449219,MSFT,0.021507290292974046,0.02134379160196262,1.0287694588094132,0
2026-07-21,397.75,MSFT,-0.011285412136739392,0.020347766420912038,1.014847001762467,0
2026-07-22,390.3399963378906,MSFT,-0.018629801790344125,0.018875634536226694,0.994164996092022,0
2026-07-23,381.5799865722656,MSFT,-0.022441998892785864,0.01795732658400995,0.9725425489061743,1
2026-07-24,381.70001220703125,MSFT,0.0003145490827332065,0.017707724492041537,0.9736922289097443,0
2025-08-07,180.52955627441406,NVDA,0.007524251609216215,0.022274165790021023,1.0183823620551173,1
2025-08-08,182.4569854736328,NVDA,0.010676529865774276,0.01650085870332025,1.023948147801052,0
2025-08-11,181.81784057617188,NVDA,-0.003502989462430328,0.008544569859654554,1.0173336785913916,1
2025-08-12,182.9163818359375,NVDA,0.006041988268502108,0.0053208000988214585,1.0191238883190727,0
2025-08-13,181.3484649658203,NVDA,-0.008571768446215433,0.008112372056881973,1.0090855930231646,1
2025-08-14,181.77789306640625,NVDA,0.0023679720733609244,0.007616010692196283,1.0091478568137897,0
2025-08-15,180.20997619628906,NVDA,-0.008625454083926454,0.006558343244919752,0.9967245060311785,1
2025-08-18,181.7678985595703,NVDA,0.00864503950427431,0.008135097556244893,1.0042263128155,0
2025-08-19,175.40638732910156,NVDA,-0.03499799073918386,0.0166874374962509,0.9704832987719497,0
2025-08-20,175.1667022705078,NVDA,-0.001366455704626346,0.016960123955559733,0.9713146729894788,0
2025-08-21,174.7472381591797,NVDA,-0.0023946566664271307,0.016442673577752673,0.9721056147140157,1
2025-08-22,177.7532501220703,NVDA,0.017202057065716758,0.01981012638946516,0.99142203768139,1
2025-08-25,179.57083129882812,NVDA,0.01022530488477491,0.02004524191210505,1.0028164336252334,1
2025-08-26,181.52822875976562,NVDA,0.010900419888796753,0.008484064991918405,1.0145340373508227,0
2025-08-27,181.35845947265625,NVDA,-0.0009352225175625062,0.008380411157638972,1.01357956064189,0
2025-08-28,179.9303436279297,NVDA,-0.007874547726525405,0.010098357816727644,1.0066374955381998,0
2025-08-29,173.94830322265625,NVDA,-0.03324642350288309,0.01805524111052751,0.9765915484265576,0
2025-09-02,170.55284118652344,NVDA,-0.019519949164359285,0.016988596227673427,0.9635957425802698,0
2025-09-03,170.39305114746094,NVDA,-0.0009368946184118432,0.013861259263266179,0.9654274830744904,1
2025-09-04,171.43165588378906,NVDA,0.006095346784003031,0.015578284250958885,0.9733719816895314,0
2025-09-05,166.7978515625,NVDA,-0.02703003886534383,0.01688817722863876,0.951355722269079,1
2025-09-08,168.0861358642578,NVDA,0.007723626471741962,0.015673474580392668,0.9640190261142932,1
2025-09-09,170.53286743164062,NVDA,0.014556415107065845,0.01612578900838519,0.9831478482984995,1
2025-09-10,177.09414672851562,NVDA,0.038475159631647715,0.0234655236429099,1.0235912409093877,0
2025-09-11,176.94432067871094,NVDA,-0.0008460248549849725,0.02380657870223744,1.025341251428098,1
2025-09-12,177.59349060058594,NVDA,0.0036687807745676704,0.01547276574490059,1.0304984416841043,0
2025-09-15,177.52359008789062,NVDA,-0.0003935983940567267,0.016518014370042716,1.0279602484566883,0
2025-09-16,174.65725708007812,NVDA,-0.016146209111664533,0.02020381043691168,1.008964596393156,0
2025-09-17,170.0730743408203,NVDA,-0.02624673498196539,0.012693511616588065,0.9826642106267388,1
2025-09-18,176.01551818847656,NVDA,0.03494053288969079,0.02334821742899056,1.014312607664098,1
2025-09-19,176.4449462890625,NVDA,0.0024397172760990404,0.023295351173870656,1.0111659040283207,1
2025-09-22,183.37612915039062,NVDA,0.03928241078649575,0.02951528978080046,1.0417586865003767,0
2025-09-23,178.2027130126953,NVDA,-0.02821204789120879,0.03223394623405903,1.0079765501844444,0
2025-09-24,176.74456787109375,NVDA,-0.008182508094013552,0.028759650056974916,0.9999264933345252,1
2025-09-25,177.46365356445312,NVDA,0.004068502370516036,0.024550094557066332,1.0036997987553191,1
2025-09-26,177.96302795410156,NVDA,0.0028139530524602385,0.024552800925088887,1.0063138401385878,1
2025-09-29,181.6183624267578,NVDA,0.020539853219394555,0.017980054602550657,1.0246109541289818,1
2025-09-30,186.3423309326172,NVDA,0.02601041239849544,0.013967240700080291,1.0443767619392825,1
2025-10-01,187.0015106201172,NVDA,0.003537466147390589,0.011026007752416024,1.0382208457288866,1
2025-10-02,188.64939880371094,NVDA,0.008812165089625124,0.010425851541103167,1.0400744741937118,0
2025-10-03,187.38101196289062,NVDA,-0.006723513824393734,0.013127506357285598,1.0268900449146623,0
2025-10-06,185.30364990234375,NVDA,-0.011086299720476922,0.014580455769059097,1.0144340623623267,0
2025-10-07,184.80430603027344,NVDA,-0.002694733062913013,0.0079410430248375,1.0080573104722814,1
2025-10-08,188.86911010742188,NVDA,0.021995180547809134,0.013375219187436446,1.0234609429464037,1
2025-10-09,192.32470703125,NVDA,0.0182962524780399,0.015129523399350982,1.0338607194934324,0
2025-10-10,182.92669677734375,NVDA,-0.04886532988389891,0.028445475644867605,0.9807239382407575,1
2025-10-13,188.0801239013672,NVDA,0.028172088682583807,0.03142508579992951,1.0048717617749638,0
2025-10-14,179.80067443847656,NVDA,-0.04402086350832335,0.03813977881771253,0.964005703393575,0
2025-10-15,179.60093688964844,NVDA,-0.0011108832013667636,0.035367761617311755,0.9667707932841999,1
2025-10-16,181.57839965820312,NVDA,0.011010314326866277,0.034061910047942116,0.9811497309933643,1
2025-10-17,182.98660278320312,NVDA,0.007755344951000609,0.026988224909331934,0.9911122785916918,0
2025-10-20,182.4073486328125,NVDA,-0.003165554972769824,0.022113570720566574,0.9895271558894269,0
2025-10-21,180.9292449951172,NVDA,-0.008103311893813858,0.007907826708696287,0.9835763348131825,0
2025-10-22,180.0503692626953,NVDA,-0.004857565908958472,0.008355531731631782,0.9835135973570132,1
2025-10-23,181.92796325683594,NVDA,0.010428159641267865,0.008175052422077706,0.9994458416319194,1
2025-10-24,186.02272033691406,NVDA,0.022507573914282597,0.012826800331357337,1.0202057336533215,1
2025-10-27,191.24607849121094,NVDA,0.02807914078902085,0.016056134637115915,1.0470342614406207,1
2025-10-28,200.77392578125,NVDA,0.049819830896438155,0.020390906241318084,1.0867191458794785,1
2025-10-29,206.77627563476562,NVDA,0.029896062599559903,0.014305032773184864,1.1029839109338104,0
2025-10-30,202.63156127929688,NVDA,-0.020044438573744605,0.025696429053294816,1.0688716225060801,0
2025-10-31,202.23207092285156,NVDA,-0.0019715110218919696,0.02783111728071913,1.0560434921460562,1
2025-11-03,206.61647033691406,NVDA,0.021680040134361755,0.027346134325117677,1.0654690520413166,0
2025-11-04,198.43690490722656,NVDA,-0.03958815778988811,0.028794856894804013,1.0141332376903505,0
2025-11-05,194.96136474609375,NVDA,-0.017514585619835654,0.022857349428456356,0.9888357651761047,0
2025-11-06,187.84043884277344,NVDA,-0.03652480537666625,0.025441850642500815,0.9498702769240949,1
2025-11-07,187.9103240966797,NVDA,0.0003720458402716176,0.025756540613144988,0.9493175275461005,1
2025-11-10,198.7964630126953,NVDA,0.05793262806792199,0.039732955683746594,1.000497656069402,0
2025-11-11,192.91395568847656,NVDA,-0.029590603550341266,0.037896171889732926,0.9747481820725735,1
2025-11-12,193.5531463623047,NVDA,0.003313345950255231,0.03732601639252286,0.9845560052340347,0
2025-11-13,186.62197875976562,NVDA,-0.035810152058003086,0.03715647677488269,0.9570931563437249,1
2025-11-14,189.92774963378906,NVDA,0.01771372748265021,0.03808590816732473,0.9802323910024954,0
2025-11-17,186.36231994628906,NVDA,-0.01877255795624766,0.022570138542294085,0.971991469131038,0
2025-11-18,181.1289825439453,NVDA,-0.02808152100624217,0.022295034807565638,0.9533020435611144,1
2025-11-19,186.28240966796875,NVDA,0.028451698075282472,0.028636473461827787,0.9849240720779402,0
2025-11-20,180.40989685058594,NVDA,-0.03152478448099327,0.027615787782684927,0.9576368427641397,0
2025-11-21,178.6521453857422,NVDA,-0.00974309888497693,0.024120073605082736,0.9529898174300203,1
2025-11-24,182.31747436523438,NVDA,0.02051656850567385,0.027498465346094052,0.9811667853658415,0
2025-11-25,177.59349060058594,NVDA,-0.02591075694250211,0.027037994110810138,0.9636895553907413,1
2025-11-26,180.03038024902344,NVDA,0.013721728427074753,0.023196494927689063,0.9841345870686323,0
2025-11-28,176.7745361328125,NVDA,-0.018084970501686226,0.020165085817998765,0.9715665786248184,1
2025-12-01,179.69081115722656,NVDA,0.016497144261903296,0.02162590991244701,0.9931825967557381,1
2025-12-02,181.22886657714844,NVDA,0.008559455044009567,0.019536472953848767,1.0045339124579193,0
2025-12-03,179.36123657226562,NVDA,-0.010305367131387855,0.01537360198986588,0.9951569205622068,1
2025-12-04,183.1566162109375,NVDA,0.021160534523537944,0.01705063105873528,1.017980452498929,0
2025-12-05,182.1877899169922,NVDA,-0.005289605770121497,0.013599866117971128,1.0115961294553328,1
2025-12-08,185.323974609375,NVDA,0.017214022376646154,0.013739618859780577,1.0252118424901688,0
2025-12-09,184.7446746826172,NVDA,-0.003125876875773148,0.01423717645926892,1.0206367203120887,0
2025-12-10,183.55612182617188,NVDA,-0.006433489130266867,0.013346731570454332,1.0107409798942892,0
2025-12-11,180.70957946777344,NVDA,-0.015507749510496383,0.012056197287818307,0.9946946490919611,0
2025-12-12,174.80679321289062,NVDA,-0.03266449001911087,0.01821131344175243,0.9632467684305224,1
2025-12-15,176.0752410888672,NVDA,0.0072562847968487,0.015014344474840636,0.9721732278416253,1
2025-12-16,177.50350952148438,NVDA,0.008111693749698334,0.017024849655935658,0.9820792385470366,0
2025-12-17,170.7317657470703,NVDA,-0.03814991485334229,0.021647340698244026,0.9491446470624956,1
2025-12-18,173.9278564453125,NVDA,0.018719953397407174,0.026084037496691713,0.9718989378704833,1
2025-12-19,180.76951599121094,NVDA,0.039336191946053534,0.02838480198647038,1.0109309274356146,1
2025-12-22,183.4662322998047,NVDA,0.014917981573424388,0.02860435283068101,1.0270790284753473,1
2025-12-23,188.97950744628906,NVDA,0.030050626087284815,0.030153880483192997,1.0554412192808966,0
2025-12-24,188.38023376464844,NVDA,-0.0031711040511148703,0.01611881364691356,1.0492673245239275,1
2025-12-26,190.2978973388672,NVDA,0.010179749413702144,0.01672555269545873,1.0543178715846422,0
2025-12-29,187.99070739746094,NVDA,-0.012124095818556446,0.016344787954207254,1.0339826431132264,0
2025-12-30,187.31153869628906,NVDA,-0.00361277804937421,0.0164760452186627,1.023919103874008,0
2025-12-31,186.27281188964844,NVDA,-0.005545450183530032,0.00811993689562484,1.0133832088858805,1
2026-01-02,188.6199493408203,NVDA,0.012600536961681508,0.010638960640181033,1.0162623806703879,0
2026-01-05,187.89083862304688,NVDA,-0.0038655016095672234,0.00912450856299822,1.004775001393502,0
2026-01-06,187.0119171142578,NVDA,-0.004677830570294028,0.0076517616955672114,0.996747472335753,1
2026-01-07,188.87962341308594,NVDA,0.009987097761727348,0.008826745923802904,1.0038058438598378,0
2026-01-08,184.81459045410156,NVDA,-0.02152181842344114,0.013668813723835955,0.9843810011324519,0
2026-01-09,184.63479614257812,NVDA,-0.0009728361331303725,0.011314519613185787,0.9853891505957584,1
2026-01-12,184.71470642089844,NVDA,0.00043280183361860125,0.01150887474917921,0.9887618708145649,1
2026-01-13,185.58364868164062,NVDA,0.004704239730442428,0.011993013487141274,0.9946948859120892,0
2026-01-14,182.91688537597656,NVDA,-0.014369602734984221,0.011086190807256787,0.9827162594069228,1
2026-01-15,186.8221435546875,NVDA,0.021349905289956617,0.012852310356628434,1.0034010277136112,0
2026-01-16,186.0031280517578,NVDA,-0.004383931622591319,0.01315179503170168,1.000408225677646,0
2026-01-20,177.8530731201172,NVDA,-0.043816762744832816,0.024273831029660804,0.9617659195431743,1
2026-01-21,183.09669494628906,NVDA,0.029482885699874783,0.029339044939309264,0.992222299536581,1
2026-01-22,184.6148223876953,NVDA,0.008291397296120495,0.028762255145568023,1.0027667484972713,1
2026-01-23,187.44137573242188,NVDA,0.015310543910665775,0.027869145918608538,1.0166690866456423,0
2026-01-26,186.2428436279297,NVDA,-0.006394170442939551,0.027980094858770843,1.0092880363943368,1
2026-01-27,188.29034423828125,NVDA,0.010993714284356582,0.01292913779852997,1.0184104752957346,1
2026-01-28,191.2866973876953,NVDA,0.015913472151403374,0.009068074486224105,1.0314353343686111,1
2026-01-29,192.27548217773438,NVDA,0.005169124688451321,0.009220064156600111,1.031561444741353,0
2026-01-30,190.8971710205078,NVDA,-0.007168418675203125,0.010302187403375558,1.0219325705061832,0
2026-02-02,185.38389587402344,NVDA,-0.02888086354036168,0.017910568144295154,0.992747365633979,0
2026-02-03,180.12030029296875,NVDA,-0.028392949431980563,0.01997246193145693,0.9633906675655641,0
2026-02-04,173.97779846191406,NVDA,-0.03410221846767858,0.016863725547294497,0.9350976876882477,0
2026-02-05,171.6706085205078,NVDA,-0.013261404396442744,0.01151484273615437,0.9291614054871091,1
2026-02-06,185.1841278076172,NVDA,0.07871772229137908,0.04754262166718958,1.0035289142024377,1
2026-02-09,189.80848693847656,NVDA,0.024971681890920472,0.046928141365809924,1.0266050581494006,0
2026-02-10,188.31031799316406,NVDA,-0.007893055623999112,0.04402285029855887,1.0184910044843758,1
2026-02-11,189.8184814453125,NVDA,0.00800892626713745,0.037022743950014876,1.0274639288539147,0
2026-02-12,186.7122802734375,NVDA,-0.016364060802846025,0.03769979187691323,1.0137030026797769,0
2026-02-13,182.58731079101562,NVDA,-0.02209265226893975,0.01917126106334778,0.9958002774183649,1
2026-02-17,184.7446746826172,NVDA,0.011815519283652876,0.014842497596636254,1.0079175554348423,1
2026-02-18,187.75099182128906,NVDA,0.01627282163254007,0.017487913633669253,1.0200725526656866,0
2026-02-19,187.6710968017578,NVDA,-0.0004255371370144312,0.01686088948094033,1.0121086636145058,1
2026-02-20,189.58877563476562,NVDA,0.010218296081220712,0.015388600856575141,1.012665051397954,1
2026-02-23,191.31666564941406,NVDA,0.009113883503194087,0.006131130742493923,1.0185579544902135,1
2026-02-24,192.61508178710938,NVDA,0.006786738276500337,0.00604751274165862,1.0239406547639371,1
2026-02-25,195.32176208496094,NVDA,0.014052276035389388,0.005367503170266758,1.034473579217713,0
2026-02-26,184.66476440429688,NVDA,-0.05456124072866231,0.029010847220502387,0.9807082990063131,0
2026-02-27,176.97415161132812,NVDA,-0.041646346652961186,0.032249029257468455,0.9447513291460753,1
2026-03-02,182.25770568847656,NVDA,0.029854947906472917,0.03685068980696288,0.9731280576043166,0
2026-03-03,179.83065795898438,NVDA,-0.013316571281988043,0.03576431951650711,0.9626951899254359,1
2026-03-04,182.8170166015625,NVDA,0.016606504566419655,0.03626427710602838,0.9812740568288182,1
2026-03-05,183.1166534423828,NVDA,0.00163899863585093,0.02771331266286915,0.9852910127210706,0
2026-03-06,177.60337829589844,NVDA,-0.03010799423668542,0.023713022958889673,0.961828663047238,1
2026-03-09,182.427490234375,NVDA,0.027162275767295796,0.022908990024920632,0.9927331565723967,1
2026-03-10,184.544921875,NVDA,0.01160697676597211,0.021867041403858964,1.008685547105299,1
2026-03-11,185.8134307861328,NVDA,0.006873713447352436,0.02103537290389812,1.0209247731583635,0
2026-03-12,182.9268035888672,NVDA,-0.015535083686109119,0.022735375591514555,1.0060252720874396,0
2026-03-13,180.0401611328125,NVDA,-0.015780314308353027,0.018500407934596886,0.9884831123757907,1
2026-03-16,183.0067138671875,NVDA,0.01647717218041489,0.015339252627572764,1.004357495331614,0
2026-03-17,181.71820068359375,NVDA,-0.007040797336696936,0.014262216234702738,0.9962539976197821,0
2026-03-18,180.1899871826172,NVDA,-0.008409798772097021,0.01321617705405715,0.9893005378135219,0
2026-03-19,178.3521270751953,NVDA,-0.010199568445272478,0.012453019301093347,0.9817783106031714,0
2026-03-20,172.4989471435547,NVDA,-0.03281811115811839,0.017465707879154854,0.952233831126335,1
2026-03-23,175.43553161621094,NVDA,0.0170237820072745,0.01766095340801245,0.9721968617504924,0
2026-03-24,174.99603271484375,NVDA,-0.00250518750288653,0.01785648557511618,0.9749202440069328,1
2026-03-25,178.47198486328125,NVDA,0.019863034004328428,0.021545118814173286,0.9983684371784296,0
2026-03-26,171.04066467285156,NVDA,-0.04163858095780393,0.02819673269039701,0.9632022011491672,0
2026-03-27,167.32498168945312,NVDA,-0.021723974181843797,0.026116799645383666,0.9490734183496632,0
2026-03-30,164.97772216796875,NVDA,-0.014028147487508913,0.02281731098159838,0.9454277244219988,1
2026-03-31,174.1969757080078,NVDA,0.05588180888236938,0.03846838413986874,1.0025812034997001,1
2026-04-01,175.54541015625,NVDA,0.007740860269023653,0.03724002259960567,1.0130500905014077,1
2026-04-02,177.18348693847656,NVDA,0.009331356375359201,0.03025597188794239,1.0231932708954912,1
2026-04-06,177.43319702148438,NVDA,0.0014093304479019242,0.026174793939396118,1.0217239736224017,1
2026-04-07,177.89266967773438,NVDA,0.00258955293576979,0.02288074328030833,1.022922440583059,1
2026-04-08,181.8680419921875,NVDA,0.0223470271240227,0.008337415583231691,1.0416655141308322,1
2026-04-09,183.69590759277344,NVDA,0.010050504643715596,0.00833610603994406,1.0489961308410758,1
2026-04-10,188.41041564941406,NVDA,0.025664741901011645,0.011151858539075063,1.0653511253753851,1
2026-04-13,189.08961486816406,NVDA,0.003604892099032586,0.010641864186598477,1.0561934175492367,1
2026-04-14,196.28123474121094,NVDA,0.038032865411783634,0.013514400622631413,1.077522853082025,1
2026-04-15,198.63848876953125,NVDA,0.01200957407583192,0.013840895151155034,1.0760257290224313,0
2026-04-16,198.1190948486328,NVDA,-0.002614769796708716,0.01652834449666948,1.060247278313064,1
2026-04-17,201.44520568847656,NVDA,0.016788441530004805,0.0155922661902528,1.0642294174521973,1
2026-04-20,201.82476806640625,NVDA,0.00188419663120043,0.015883305452000073,1.0526699311232284,0
2026-04-21,199.64732360839844,NVDA,-0.010788787118989118,0.011103562469768714,1.0296299870137955,1
2026-04-22,202.26426696777344,NVDA,0.013107830909409257,0.011323757830550563,1.0322679505145254,0
2026-04-23,199.4075927734375,NVDA,-0.014123474389033275,0.013817137894595377,1.0095932626622417,1
2026-04-24,208.0275421142578,NVDA,0.043227788976992976,0.023119250529090616,1.0428778029358556,1
2026-04-27,216.3578338623047,NVDA,0.04004417714781017,0.027103237001848135,1.070011895362496,0
2026-04-28,212.92184448242188,NVDA,-0.01588104908680843,0.028348447732459228,1.0444236664814295,0
2026-04-29,209.00640869140625,NVDA,-0.018389075111261644,0.0316966721093421,1.0200301452068647,0
2026-04-30,199.33767700195312,NVDA,-0.04626045560032954,0.03937343768132844,0.9722648663625651,0
2026-05-01,198.21897888183594,NVDA,-0.00561207563438304,0.031386355045738105,0.9683321950196837,1
2026-05-04,198.24893188476562,NVDA,0.0001511106711307164,0.01790952699792225,0.9701732719650916,0
2026-05-05,196.271240234375,NVDA,-0.009975799776516192,0.018210297227909872,0.9620845334428183,1
2026-05-06,207.5880584716797,NVDA,0.057659075388685865,0.03739108253528039,1.0149089094685584,1
2026-05-07,211.2537841796875,NVDA,0.01765865404299216,0.027614696537095994,1.0268834696001217,1
2026-05-08,214.94947814941406,NVDA,0.017494095947569344,0.02580991519038648,1.0413440740873583,1
2026-05-11,219.18453979492188,NVDA,0.01970259096216065,0.02412112935118285,1.0604090989197437,1
2026-05-12,220.52297973632812,NVDA,0.006106452319395217,0.019708749227776746,1.0629754405881016,1
2026-05-13,225.56710815429688,NVDA,0.022873482047085725,0.0063418808245887005,1.0786786569064075,1
2026-05-14,235.465576171875,NVDA,0.04388258597883499,0.013764046973913523,1.1068905281595678,0
2026-05-15,225.05770874023438,NVDA,-0.04420122720632225,0.03301626043775401,1.0447830930210282,0
2026-05-18,222.0612030029297,NVDA,-0.013314388358780072,0.0338011916199858,1.019601418109534,0
2026-05-19,220.35317993164062,NVDA,-0.007691677106092865,0.03405356483815625,1.0006939965820507,1
2026-05-20,223.20985412597656,NVDA,0.012964070657941695,0.03267243392315483,1.0065264084701713,0
2026-05-21,219.25445556640625,NVDA,-0.017720537361840427,0.020574756182364626,0.9851360801542145,0
2026-05-22,215.07933044433594,NVDA,-0.01904237298751621,0.013034909572683936,0.9663203723174365,0
2026-05-26,214.60987854003906,NVDA,-0.0021826918622399605,0.013056086565214209,0.9661970457438337,0
2026-05-27,212.35250854492188,NVDA,-0.010518481304186755,0.013168607997807343,0.9595638134060956,1
2026-05-28,214.00057983398438,NVDA,0.007761016341909066,0.01122982878785028,0.9720917411978437,0
2026-05-29,210.8942108154297,NVDA,-0.014515703746992292,0.01063638559620297,0.9687943190924397,1
2026-06-01,224.09881591796875,NVDA,0.0626124588791841,0.03136145418360479,1.0299065780889816,0
2026-06-02,222.56060791015625,NVDA,-0.006863972045151545,0.03183135866190035,1.022602625485484,0
2026-06-03,214.5,NVDA,-0.03621758578863232,0.03713973728509769,0.9882241270211377,1
2026-06-04,218.66000366210938,NVDA,0.01939395646671027,0.037903883325750225,1.0095057925248454,0
2026-06-05,205.10000610351562,NVDA,-0.062014073591381225,0.04846234654474009,0.9531307469150417,1
2026-06-08,208.63999938964844,NVDA,0.017259839984335112,0.03514876820310842,0.9724917684861476,0
2026-06-09,208.19000244140625,NVDA,-0.0021568105327770537,0.03543909063058379,0.9733067800988278,0
2026-06-10,200.4199981689453,NVDA,-0.03732169739825886,0.035624851808709106,0.9422376432486764,1
2026-06-11,204.8699951171875,NVDA,0.022203357892913722,0.036279017843253804,0.9673107376631617,1
2026-06-12,205.19000244140625,NVDA,0.0015620019126554308,0.023400926825667846,0.9714380427388666,1
2026-06-15,212.4499969482422,NVDA,0.03538181402824003,0.027692469013738324,1.011387021836287,0
2026-06-16,207.41000366210938,NVDA,-0.023723197733726886,0.03042318463688716,0.9945670814794222,0
2026-06-17,204.64999389648438,NVDA,-0.013307023368657411,0.02444042132230741,0.9859894280921204,1
2026-06-18,210.69000244140625,NVDA,0.029513846689763534,0.02594249351449499,1.0190026280546682,0
2026-06-22,208.64999389648438,NVDA,-0.00968251232276296,0.026881379093604555,1.0074064537010243,0
2026-06-23,200.0399932861328,NVDA,-0.04126528091164561,0.0260954823769357,0.9698626706753194,0
2026-06-24,199.0,NVDA,-0.00519892681982459,0.025262166577837572,0.9691385476168457,0
2026-06-25,195.74000549316406,NVDA,-0.016381881943899224,0.02546066898806035,0.955439850430216,0
2026-06-26,192.52999877929688,NVDA,-0.016399339040476746,0.013957721260922666,0.9454661509313084,1
2026-06-29,194.97000122070312,NVDA,0.012673362368860186,0.019630351091958365,0.9622778509728417,1
2026-06-30,200.08999633789062,NVDA,0.026260425117358155,0.01880409112676305,0.9936089892564794,0
2026-07-01,197.5800018310547,NVDA,-0.012544327816355838,0.01960049524813738,0.9859576788466441,0
2026-07-02,194.8300018310547,NVDA,-0.013918412665829716,0.019151752125309097,0.9770224575658256,1
2026-07-06,195.5500030517578,NVDA,0.0036955356666652506,0.017049132803395255,0.9881353195784432,1
2026-07-07,196.92999267578125,NVDA,0.007056965494693257,0.016446038737592098,1.0010369408500517,1
2026-07-08,204.1199951171875,NVDA,0.03651044893523969,0.02037782652056798,1.0354378011726852,0
2026-07-09,202.77999877929688,NVDA,-0.006564748040099211,0.01929933503591654,1.0266717935143255,1
2026-07-10,210.9600067138672,NVDA,0.04033932332484791,0.0209368780293275,1.0599194464363944,0
2026-07-13,203.52999877929688,NVDA,-0.03521998340020871,0.031379790925459956,1.0169686267786677,1
2026-07-14,211.8000030517578,NVDA,0.040632851776453593,0.03445581043193368,1.049465621052343,1
2026-07-15,212.5,NVDA,0.0033049902651376417,0.03244855301008874,1.0464990288901708,0
2026-07-16,207.39999389648438,NVDA,-0.02400002872242646,0.0352848729418787,1.016467332468569,0
2026-07-17,202.80999755859375,NVDA,-0.022131130535045007,0.030365424991630703,0.9900994863546737,1
2026-07-20,203.27999877929688,NVDA,0.0023174460152899368,0.026139564820490072,0.9886630590169484,1
2026-07-21,207.2899932861328,NVDA,0.019726458731385677,0.01860668231287296,1.0031115607500203,1
2026-07-22,212.05999755859375,NVDA,0.02301126164771805,0.022302346614441703,1.0222665661276389,0
2026-07-23,208.75999450683594,NVDA,-0.01556164807012217,0.02028011816632443,1.0034656775856918,0
2026-07-24,206.83999633789062,NVDA,-0.009197155678610791,0.017090830791982335,0.9962095438091108,0
