Price,Close,Close,Close,High,High,High,Low,Low,Low,Open,Open,Open,Volume,Volume,Volume
Ticker,AAPL,MSFT,NVDA,AAPL,MSFT,NVDA,AAPL,MSFT,NVDA,AAPL,MSFT,NVDA,AAPL,MSFT,NVDA
Date,,,,,,,,,,,,,,,
2025-07-21,211.64036560058594,506.01812744140625,171.1520538330078,214.92732845073886,508.0320701704435,173.1493936504508,210.7937335563828,501.54385636100875,170.77255439137573,211.2618775331451,502.69466780228106,172.52022673163836,51377400,14066800,123126100
2025-07-22,213.55279541015625,501.26611328125,166.80783081054688,214.1006251327807,507.1491456054249,171.1620321483939,211.39137195770533,501.26611328125,164.3610926233022,212.29777975345726,506.92095727911294,171.1120956061046,46404100,13868600,193114300
2025-07-23,213.30377197265625,501.861328125,170.5528564453125,214.29982043425818,502.77405108780124,171.03221376466186,211.57065737650467,496.7323137246232,167.7465962646817,214.15041924441525,502.7343595827018,169.30451898143798,46989300,16396600,154082200
2025-07-24,212.91531372070312,506.8316345214844,173.50892639160156,214.83769515517375,509.5995039044367,173.5988030318276,212.68622683006964,503.27998658866585,171.07216922217725,213.05475989741393,504.73833906736274,172.21065238052367,46022600,16107000,128984600
2025-07-25,213.03485107421875,509.63922119140625,173.26922607421875,214.38947759784276,514.1828842249572,174.4876045602178,212.5567368669443,506.3157313206406,172.72995103806022,213.85160291428238,508.4089964805577,173.37908037175941,40268800,19125700,122316800
2025-07-28,213.2041778564453,508.4388122558594,176.51490783691406,214.00101967144602,510.91900158393673,176.7645753161742,212.2180844005514,506.07766717141,173.73860668662087,213.18425263148458,510.0063088656235,173.78854323017163,37858000,14308000,140023500
2025-07-29,210.43516540527344,508.5082702636719,175.2765350341797,213.96117031669576,513.5182406496896,179.14139760883538,209.9869466315705,507.50626407616875,174.7871965738649,213.33365491441555,511.4448362580723,177.72328828972238,51411700,16469200,154077500
2025-07-30,208.2239227294922,509.1729431152344,179.03155517578125,211.55072076453234,511.86149016920456,179.65072563032518,206.89917652304968,505.4030674134904,175.80584046425426,211.06265157316113,511.08764202727673,176.27521653092245,45512500,26380400,174312200
2025-07-31,206.74978637695312,529.2723388671875,177.6334228515625,209.01080544085684,551.0484106553389,183.0562087176856,206.3414028602417,527.6850421089878,175.69600066981488,207.66614913739534,550.8301225339796,182.6567315862202,80698400,51617300,221685400
2025-08-01,201.58030700683594,519.9568481445312,173.4889373779297,212.7360475386617,531.5542170062565,176.3051785902702,200.7037794341265,516.7326017006552,170.66269971388826,210.03674932642843,530.7605684534492,173.85844036702034,104434500,28977600,204529000
2025-08-04,202.5464630126953,531.3954467773438,179.7605743408203,207.0585613783641,533.9847498429226,179.96030526461158,200.88304868853191,523.9449485218581,174.28786778877773,203.70186769022786,524.0838536533402,174.9270158880054,75109300,25349000,148174600
2025-08-05,202.11813354492188,523.5679931640625,178.02288818359375,204.52856877803342,533.0423047576313,180.0202279532499,201.3611422546983,523.0620248277625,175.6660266458598,202.59623250724772,532.9232605080902,179.38107983649965,44155100,19171600,156407600
2025-08-06,212.40733337402344,520.7802124023438,179.1813507080078,214.52892145014,527.4866537198485,179.66070799076476,204.77759854868273,519.8774501718309,176.01556896990587,204.81744899810374,526.6930052823053,176.09546439011424,108483100,21355700,137192300
2025-08-07,219.16053771972656,516.7127075195312,180.52957153320312,219.97730473834642,523.9052559727172,183.6354356942093,215.7241736307253,513.4487398823029,178.5621905082108,218.01508808955717,522.6254396329194,181.32851054269395,90224800,16079100,151878400
2025-08-08,228.4437255859375,517.9031982421875,182.4569854736328,230.08719950298993,520.502431840537,183.05619350177665,218.38362983130105,515.2940341981842,180.16004168373897,219.95738825778145,518.4587582353118,181.30852119793246,113854000,15531000,123396700
2025-08-11,226.53909301757812,517.6353759765625,181.81784057617188,228.91238364576833,523.4092640243366,183.59547178906817,224.12592192869855,515.6015722772428,180.01025048518693,227.27701087414155,518.1611446296885,181.80785936297346,61806100,20194400,138323200
2025-08-12,229.00210571289062,525.046142578125,182.9163818359375,230.14887046423402,526.7723446368122,184.234618174838,226.42939779448272,518.5579891899393,179.22130626788388,227.36673308681236,519.5996565820958,182.7166509044063,55626200,18667000,145485700
2025-08-13,232.6717529296875,516.454833984375,181.3484649658203,234.33703985510917,528.4787877679453,183.72530422356274,229.77992501054072,515.2544004746543,179.11145412417423,230.4181341091737,527.8934364066101,182.37709375214726,69878500,19619200,179871700
2025-08-14,232.12330627441406,518.3396606445312,181.77789306640625,234.4567012802976,521.7821945996749,182.7765629312542,230.19875827485632,516.0182375574066,179.22130065055427,233.39969406647393,518.4190436500928,179.51090820642335,51916300,20269100,129554000
2025-08-15,230.93666076660156,516.0479736328125,180.20997619628906,233.61907447658757,521.9309749680182,181.658044469753,228.69300821277216,514.9666450837208,177.8031781362909,233.3398655982593,518.627406652342,181.6380820439347,56038700,25213300,156602200
2025-08-18,230.23863220214844,513.0023193359375,181.7678985595703,232.46233685580373,518.6770238166106,182.69666946783065,229.46083388892833,509.9467697824549,180.3497891649352,231.04634466466607,517.4567900842618,180.359785616326,37476200,23760600,132008000
2025-08-19,229.90957641601562,505.7304382324219,175.40638732910156,232.21305735738468,511.0777107186651,182.25726371442747,228.70299840660482,504.5201046206217,175.25659293377495,230.6275464777077,510.91900524319027,182.1873495042791,39402600,21481000,185229200
2025-08-20,225.3723907470703,501.7125244140625,175.1667022705078,229.81981519856654,506.9506829011106,175.76591033294957,225.13307755654054,500.44266872858867,168.57548977611862,229.33119207499826,505.8296325155463,174.93701244991922,42263900,27723000,215142700
2025-08-21,224.26551818847656,501.066650390625,174.7472381591797,225.88095827873425,504.4353306174317,176.66468235557974,223.14868274098328,499.5562271428435,173.57879631630271,225.63166356522294,500.5201238427197,174.61742144674352,30621200,18443300,140040900
2025-08-22,227.11744689941406,504.0378112792969,177.7532501220703,228.44369658121065,507.51578439064156,178.35244288234992,224.77408575714253,499.248138173549,170.97227338198675,225.53193619713707,501.07655468445085,172.38040151215634,42477800,24324200,172789400
2025-08-25,226.5191650390625,501.0865173339844,179.57083129882812,228.65312729963858,504.9917771303553,181.6680441727565,225.59178073979155,500.9473838488724,176.33515059315872,225.84107546750252,503.44159720621536,178.11278178635797,30983100,21638600,163012800
2025-08-26,228.6630859375,498.8804626464844,181.52822875976562,228.84258604761433,501.8019624337255,182.14739921043056,224.05612439304167,495.37267961289456,178.57215920342722,226.22996704217394,501.18583887731603,179.82049655621498,54575100,30835700,168688200
2025-08-27,229.8397674560547,503.5509033203125,181.35845947265625,230.24859923631865,504.09746017877256,182.24727507184866,227.6160475796746,496.75395340313815,178.86178472902657,227.96506627689797,498.8407434548062,181.7379436715125,31259500,17277900,235518900
2025-08-28,231.90391540527344,506.4326477050781,179.9303436279297,232.7515235304584,507.87350408410515,184.22462699678687,228.692998228932,502.3186878124423,176.17535050737845,230.16883391080088,503.89867767213724,180.5794881684096,38074700,18015600,281787800
2025-08-29,231.485107421875,503.5011901855469,173.94830322265625,232.7216147258446,506.39287997665497,177.91302365652732,230.71727541448905,501.3150235761296,172.91967451951007,231.85405874294378,505.458793364042,177.87308356836775,39418400,20961600,243257900
2025-09-02,229.07192993164062,501.9410705566406,170.5528564453125,230.19874691737337,502.81553721257154,172.15073449446965,226.3296880547272,493.68337117589067,166.997593786357,228.60325464814514,497.32034095368414,169.77389508693435,44075600,18128000,231164900
2025-09-03,237.79725646972656,502.1696472167969,170.39305114746094,238.17618932549604,504.5942937991858,172.18067877773825,233.69885053091846,499.1587173668126,168.6553752976972,236.5408165177042,500.6194673133705,170.83246833565184,66427800,16345100,164424900
2025-09-04,239.1035614013672,504.77313232421875,171.43167114257812,239.2232180033205,504.95199223037696,171.6314020660847,236.07214416452067,499.983459333639,169.1846639665207,237.77731160532718,501.1262158347851,170.34312465674856,47549400,15509500,141670100
2025-09-05,239.0137939453125,491.884765625,166.7978515625,240.63920029193574,508.74796779288187,168.80517258283567,237.81718240373485,489.27131242222254,163.8517783946414,239.32291694518142,505.86622472604114,167.8065026792569,54870400,31994800,224441400
2025-09-08,237.2089080810547,495.06463623046875,168.0861358642578,239.47249309970456,498.04575600626316,170.73262035939155,235.67324414176576,491.91457299081776,167.12742125141602,238.62490021245955,494.97517595073856,167.32715219255022,48999500,16771000,163769100
2025-09-09,233.68887329101562,495.2733154296875,170.53286743164062,238.1063683630383,499.0891451753406,170.75257602974241,232.70166073618753,494.5677922273047,166.51822538667548,236.33139119913957,498.27429847652155,168.86509051949957,66313900,14410500,157548400
2025-09-10,226.15020751953125,497.2209777832031,177.09414672851562,231.7643298806428,500.06299449245154,179.05153132643002,225.31258085277642,493.5939546766565,175.23661998400823,231.53498298240493,499.81456783685906,176.40506201448144,83440800,21611800,226852000
2025-09-11,229.3810577392578,497.8569641113281,176.94430541992188,229.7998710451417,500.00337405269875,180.05034427267074,226.010588238333,494.7466575341409,176.2551819566126,226.23995033725743,499.08915061774627,179.45110250300584,50208600,18881600,151159300
2025-09-12,233.40966796875,506.6910095214844,177.593505859375,233.84841389514688,509.32432605160386,178.37251110105626,228.3739115767776,500.67909648146514,176.22524055900428,228.5733443098202,503.4614629424367,177.5435664999128,55824200,23624900,124911000
2025-09-15,236.03224182128906,512.1166381835938,177.52357482910156,237.5180438551372,512.2259313574772,178.62217970015598,234.36695488957946,503.80926524972944,174.28769658655634,236.33139853346725,505.58800862213144,175.44622258887705,42699500,17143800,147061600
2025-09-16,237.4781494140625,505.8364562988281,174.65724182128906,240.53949594661788,513.9748860992247,177.27389957504343,235.65332541334,505.39922293408733,174.15787872389456,236.51088466190768,513.6271130220401,176.77453647764895,63421100,19711900,140737800
2025-09-17,238.3157958984375,506.81024169921875,170.0730743408203,239.42266510979977,508.07226852063866,172.97937117956877,237.05934071942244,502.74598524416496,168.1954794867923,238.2958480596019,507.4064717390096,172.42008695754546,46508000,15816600,211843800
2025-09-18,237.2089080810547,505.2501525878906,176.01551818847656,240.51953392817583,509.84107240669834,176.87442336525442,235.98236714862816,504.4651158521554,172.73969733735942,239.2930082114909,508.270998935228,173.7583871307785,44249600,18913700,191763300
2025-09-19,244.80740356445312,514.6705322265625,176.4449462890625,245.60514967420656,516.0319056285313,177.8531538116004,239.53233423145286,507.09849160720086,174.95683884616588,240.54944568604057,507.34691829589656,175.54609885389235,163741300,52474100,237182100
2025-09-22,255.35755920410156,511.21240234375,183.37612915039062,255.9160073848096,514.48167541423,184.31493427279133,247.42002368458668,509.3143886623668,174.48747153493287,247.5995237986898,512.3452424901319,175.07671637070237,105517400,20009300,269637000
2025-09-23,253.71221923828125,506.0252380371094,178.2027130126953,256.6140134777918,511.35152134239047,182.18763613663097,252.86462630601793,504.1173079645634,175.9855548133895,255.15814081026073,510.56645428814153,181.73821238324945,60275200,19799600,192559600
2025-09-24,251.59820556640625,506.9394226074219,176.74456787109375,255.01853710208397,509.2547456727144,179.5509859124944,250.33178410429736,503.72976965544393,175.17656050171237,254.49999981420794,507.16798604562155,179.54100413716742,42303700,13533700,143564100
2025-09-25,256.1453552246094,503.83905029296875,177.4636688232422,256.44452717224715,506.8003068435259,180.03038734713982,250.99992334214926,501.8615838862597,172.90947958662534,252.4956917858775,505.1010467430239,174.2577508730865,55202100,15786500,191586700
2025-09-26,254.73931884765625,508.2411804199219,177.96302795410156,256.87328100426123,510.70558375978015,179.54101721374016,253.06405044687503,503.4316440082871,174.70717071687335,253.38315498635407,506.849997214163,177.94304916264082,46076300,16213100,148573700
2025-09-29,253.71221923828125,511.3613586425781,181.6183624267578,254.28061851263055,513.5971983462931,183.76561762390497,252.29622703166862,505.6773863749633,180.09031258631592,253.84185736381545,508.28089264453985,180.2001578366391,40127700,17617800,193063500
2025-09-30,253.9116668701172,514.6903686523438,186.3423309326172,255.1980209495745,514.8990082310244,187.11135435179565,252.39595068950493,506.45253207823936,181.2488213615314,254.1410137555297,510.0099885223437,181.848063160254,37704300,19728200,236981000
2025-10-01,254.72935485839844,516.439208984375,187.0015106201172,258.05994405161016,517.2341620265153,187.9003581593927,254.21081755391603,508.4696637232757,183.665753326035,254.3205078449461,511.5600762745242,185.00405809785752,48713900,22632300,173844900
2025-10-02,256.40460205078125,512.4942626953125,188.64939880371094,257.45162766856953,518.3173691617891,190.80665113886596,253.43299812845933,507.4661094259624,187.82045419605362,255.85613542550084,514.3823296081488,189.35850113919957,42630200,21222900,136805800
2025-10-03,257.2920837402344,514.0940551757812,187.38099670410156,258.5086431914624,517.2143082734997,190.11751186051177,253.23357360959045,511.75886906280147,185.1438598655547,253.9515436206674,513.8456285403139,188.94900408551683,49155600,15112300,137596900
2025-10-06,255.96585083007812,525.2435302734375,185.3036651611328,258.3391414491699,527.6880704621805,186.99151499327596,254.33047806472084,514.9387971845453,183.09648864167906,257.2621712100349,515.3461902238155,185.26372281570642,44664100,21388600,157678100
2025-10-07,255.75643920898438,520.682373046875,184.80429077148438,256.67382669789566,526.4657528279373,188.8191743935438,254.70938317067183,518.1583800775612,183.76562222076905,256.0854948355218,524.9652461341774,185.99277739696944,31955800,14615200,140088000
2025-10-08,257.3320007324219,521.5468139648438,188.86911010742188,257.7906945345413,523.6336339322414,189.35849142592937,255.38748958216482,519.7979415330736,186.30237648821537,255.79633660873378,519.9867481874902,186.33235229407293,36496900,13363400,130168900
2025-10-09,253.3233184814453,519.1123046875,192.32470703125,257.2721535801604,521.0301509722098,195.05122522476873,252.42586356688122,514.143772141299,190.816620752273,257.082687156571,519.0526847229869,191.9851285494953,38322000,18343600,182997200
2025-10-10,244.57806396484375,507.74432373046875,182.92669677734375,255.6567217403356,520.2849266906686,195.37081685366852,243.3116425485481,506.42270727517143,181.81811007166195,254.2207817432353,516.3697201998212,193.26350393527704,61999100,24133800,268774400
2025-10-13,246.96131896972656,510.81488037109375,188.08013916015625,248.98559082884384,513.1600134586593,189.86785248459339,244.86723728717817,508.45980051307464,185.72314454487463,248.6764678182016,513.1600134586593,187.73057886865314,38142900,14284200,153482800
2025-10-14,247.07101440429688,510.3379211425781,179.80067443847656,248.14796941642882,512.0371813139038,184.56460262310264,244.00966795095763,502.8155546768959,179.47109296765566,245.90431694508948,507.01894463812107,184.5346420566055,35478000,14684300,205641400
2025-10-15,248.63658142089844,510.19879150390625,179.60093688964844,251.10959602979932,513.93513816427,184.63451030281777,246.77186176083558,506.7903850161382,177.06416377208902,248.78616738422895,511.71919177145384,184.56460739230218,33893600,14694700,214450500
2025-10-16,246.75192260742188,508.3902587890625,181.57839965820312,248.33743345063007,513.5972720757079,183.04652832403656,244.43847540742667,504.93217895922305,179.5410050089342,247.54966879270205,509.35418580491137,181.99786281424815,39777000,15559600,179723300
2025-10-17,251.5782470703125,510.3478698730469,182.9866180419922,252.66518358811555,512.235876086287,183.86550198639478,246.57242016484557,504.1173098719632,179.52103686227596,247.3203043073955,505.8364332653001,179.9504818191574,49147000,19867800,173135200
2025-10-20,261.50018310546875,513.5376586914062,182.4073486328125,263.63416054313814,515.4356724346321,184.96408521149223,254.90884523128253,510.1988187679518,181.4985041529273,255.168106265739,511.3713853844849,182.89672994644732,90483000,14665600,128544700
2025-10-21,262.0287170410156,514.4021606445312,180.9292449951172,264.54162761794373,515.4257076122852,182.55715836486127,261.0913663387469,509.81124074780416,179.5709767314294,261.1412435480521,514.2431942660954,182.55715836486127,46695900,15586200,124240200
2025-10-22,257.72088623046875,517.2640380859375,180.05035400390625,262.1084670888602,521.9245247034462,183.20633238125785,254.70938662410154,514.4518919333965,176.53483359319367,261.9090191460537,517.8702452376143,180.9092591258601,45015300,18962700,162249600
2025-10-23,258.8476867675781,517.2838745117188,181.92796325683594,259.8847613495841,520.6525542416625,182.7968501503985,257.28213901467177,515.3461346267313,179.5609718650331,259.206686997747,519.1719411998674,180.19017423035882,32754900,14023500,111363700
2025-10-24,262.07855224609375,520.3146362304688,186.02273559570312,263.3848541030092,522.0436758041421,187.23120099697576,258.44880663072195,517.4329238246899,183.26625678365264,260.4531458541269,519.4997896375017,183.6058200325102,38253700,15532400,131296700
2025-10-27,268.0516662597656,528.1749877929688,191.24609375,268.36078929414754,531.2157277722118,191.75543864774096,263.90339825112477,525.6807743511338,188.18997864549505,264.13276036080543,528.4333612309177,189.74800438556454,44888200,18734700,153452700
2025-10-28,268.2411193847656,538.6585083007812,200.77392578125,269.12862319727753,550.2351530342114,202.8912204382634,267.39351124836816,537.3667019364588,191.66554775855593,268.23113785786586,546.5385938392855,192.8040950113927,41534800,29986700,297986200
2025-10-29,268.93914794921875,538.1417846679688,206.77627563476562,270.6443152614699,542.8321112501552,211.9197249544373,266.35642794866993,533.3521116884923,204.51915980095313,268.5203194424725,541.5104645203966,207.715080745974,51086700,36023000,308829600
2025-10-30,270.63433837890625,522.4512329101562,202.63156127929688,273.36662916750566,531.6032326010347,205.89740027142088,267.72259312931254,518.834126044735,201.1534507471854,271.2226702585742,527.1414993194383,204.88867704045037,69886500,41023100,178864400
2025-10-31,269.6072692871094,514.5512084960938,202.23207092285156,276.53767519933945,525.9887810857076,207.70508615602077,268.40069127196034,511.85824179468614,201.81260775338424,276.2085891024436,525.5515477587454,206.18701808603035,86167100,34006400,179802200
2025-11-03,268.29095458984375,513.776123046875,206.61648559570312,270.08589475979994,521.6562086548496,211.07079600988305,265.49886601188945,511.3514766558802,205.2981596683369,269.65711516237894,516.5385956979154,207.8149540137207,50194600,22374700,180267300
2025-11-04,269.2781982421875,511.0931701660156,198.43690490722656,270.72408938596277,512.3054631947169,203.71017785907821,266.86501191822913,504.64399323613884,197.67786326579136,267.5730004152706,508.53933673798264,202.7414122562426,49274800,20958700,188919300
2025-11-05,269.3779296875,503.96826171875,194.9613494873047,270.9335263776032,511.5900049686576,202.66152000582164,266.17696342424256,503.39189488693165,194.40205001057666,267.8522167164328,510.06960470137113,198.51681234435117,43683100,23024300,171350300
2025-11-06,269.0089416503906,493.9715576171875,187.84043884277344,272.6287059365568,502.51744045426454,197.3682807609907,267.1342708755924,492.6896676102462,186.14260723026618,267.1342708755924,502.47768369906356,196.16981228388872,51204000,27406500,223029800
2025-11-07,267.7126159667969,493.6933288574219,187.91030883789062,271.5218466038475,496.2372153715257,188.08010568481336,266.0173996929098,490.1457889557352,178.682089465448,269.03885049148494,493.8225155697467,184.66444902638756,48227400,24019800,264942300
2025-11-10,268.93035888671875,502.8155517578125,198.7964630126953,273.22240319845355,503.66020845333964,199.68532876518447,266.96401085683,495.66085193460816,193.5431531870904,268.46122924118225,496.8930687697553,194.8614791513322,41312400,26101500,198897100
2025-11-11,274.73956298828125,505.47869873046875,192.91395568847656,275.3983427074405,506.39292220487647,195.17107140540628,269.2996575494418,499.1885488885237,191.05632435423007,269.3096487524697,501.62311202080633,194.91140808059743,46208300,17980000,176483300
2025-11-12,272.9628601074219,507.9232177734375,193.55313110351562,275.2186787593472,508.4498810705414,195.64046510157328,271.19615348009904,495.9788447581273,190.8865341091802,274.49002155435767,506.1543908722183,195.47068348463264,48398000,26574900,154935300
2025-11-13,272.44384765625,500.12261962890625,186.62197875976562,276.1868935731559,510.2683558569415,191.1961465947379,271.5854266195937,498.13520636364063,183.61581837719615,273.6016697208788,507.09842927280135,190.8066439854392,49602800,25273100,207423100
2025-11-14,271.9048156738281,506.96923828125,189.92774963378906,275.44821996704485,508.38031503091224,190.76667594021126,269.10002929321837,494.30942559248354,180.34996953708986,270.54732197227213,495.0944623167857,182.62706393415107,47431300,28505700,186591900
2025-11-17,266.9639892578125,504.296142578125,186.36231994628906,269.98836893107386,508.8970088955905,188.75925679396335,265.237217022597,501.7323929449627,184.08522536919267,268.3214829895084,505.2501227292945,185.73311754704963,45018300,19092800,173628900
2025-11-18,266.9440612792969,490.6824035644531,181.12899780273438,270.2079864201871,499.8145698875434,184.5646186262563,264.8279974843966,483.71651040889276,179.42116916755387,269.48932037088264,492.2524466910109,183.1464291447985,45677300,33815100,213598900
2025-11-19,268.06195068359375,484.0543518066406,186.28240966796875,271.7051756343288,492.0735713081103,187.62069907956393,265.00762791735707,479.79134202204426,182.5971076589588,265.0375710636542,487.0156083775533,184.5546024199349,40424500,23245300,247246400
2025-11-20,265.7562561035156,476.308837890625,180.40989685058594,274.91922505965954,491.38172816347884,195.7503316108911,265.42688147061517,473.39183555424523,179.62090987236718,270.327749378444,490.525525238351,195.70039225393623,45823600,26802500,343504800
2025-11-21,270.98651123046875,470.0268249511719,178.6521453857422,272.8230952896135,476.796695003642,184.32490281868388,265.17732758833057,466.19388806310616,172.70971237567008,265.4568071090486,476.3785437287191,181.00913979899244,59030800,31769200,346926200
2025-11-24,275.4083251953125,471.89849853515625,182.31747436523438,276.4863089537433,474.7856351712577,183.26626122561635,270.397615191446,465.94500021095376,176.25519889972114,270.397615191446,472.8940649877621,179.2613745727385,65585800,34421000,256618300
2025-11-25,276.4563903808594,474.8752136230469,177.593505859375,279.8600705608694,477.0256407210385,177.9330691207534,274.73957871594786,462.82888433135173,169.3340356551,274.75953066216096,471.9681767111092,174.68720886729724,46914200,28019800,320600300
2025-11-26,277.0352783203125,483.3475341796875,180.03036499023438,279.01161742605893,486.14507360501653,182.67699835309762,276.1170014953278,479.06661039650686,178.01294919921247,276.44637611579356,484.1539406114854,181.39863013804072,33431400,25709100,183852000
2025-11-28,278.3328857421875,489.82867431640625,176.7745361328125,278.4826014787427,490.44592067381114,179.0616124091028,275.4781737009374,484.49242217644115,176.27517303639212,276.7458380127342,485.4382224868377,178.7819702942556,20135600,14386700,121332800
2025-12-01,282.57501220703125,484.5820007324219,179.69081115722656,282.89442609469603,487.68816317334665,180.07033197943204,275.62792768573877,482.5012705124726,173.45875435362808,277.4944549964911,486.27447583839387,174.5373804488289,46587700,23964000,188131000
2025-12-02,285.6592712402344,487.82757568359375,181.22886657714844,286.86701880065203,491.312058367048,185.4235136530611,282.10587559562896,484.16389832530854,179.7707195907086,282.47518456741903,484.56211884124775,181.52847225165078,53669500,19562700,182632200
2025-12-03,283.623046875,475.6119689941406,179.3612518310547,288.0847586222564,482.09308589504883,182.21760964702736,282.77461708045536,473.0931871020635,178.88186747602086,285.6692634925469,474.2082166599713,180.84935949817796,43538700,34615100,165138000
2025-12-04,280.179443359375,478.70819091796875,183.15660095214844,284.20196835267484,479.1860737742951,184.29521152983364,278.07334059490756,474.377470578239,179.7407692190929,283.5731318378766,477.6329924690825,181.39873533031871,43989100,22318200,167364900
2025-12-05,278.26300048828125,481.01788330078125,182.1877899169922,280.6186397013617,481.2568095233099,184.43504894381925,277.53434330937836,476.7568601661199,180.6896172324408,280.01974631085085,480.3807061976695,183.66598269849337,47265800,22608700,143971100
2025-12-08,277.3746643066406,488.8430480957031,185.323974609375,279.15136205700173,490.11737199051475,187.7709870845105,275.6378704438954,482.2325023858298,182.17780264974235,277.6142094762677,482.74025101921535,182.41751577930148,38211800,21965900,204378100
2025-12-09,276.66595458984375,489.8385925292969,184.7446746826172,279.5106752769474,489.93815525049575,185.4937610485011,276.40645748061854,486.33420957194573,183.09669077375298,277.64414811825674,486.93155551686203,185.33395229946427,32193300,14696100,144719700
2025-12-10,278.26300048828125,476.43829345703125,183.55612182617188,279.2312028389952,482.10306917330496,185.2540478736652,275.92734368017386,472.9737111601482,181.8182359713298,277.23491184461454,481.88404333185355,184.74467463147755,33038300,35756200,162785400
2025-12-11,277.514404296875,481.3265075683594,180.70957946777344,279.07150890817053,483.8751552220924,181.09911899111663,273.3022288840155,473.750231167373,176.40483245042134,278.5824273392719,474.51683677020293,180.060377409269,33248000,24669200,182136600
2025-12-12,277.7639465332031,476.4084167480469,174.80679321289062,278.70220580092337,480.31105063829824,182.59729422559735,276.30666253778065,474.22812377070755,174.40727135263347,277.38464634485007,477.69270598810584,180.88937065842447,39532900,21248100,204274900
2025-12-15,273.6016540527344,472.7148742675781,176.07522583007812,279.63046152672615,478.588710310573,178.20263580820242,272.33402020742307,470.42505317808707,174.81676632707214,279.63046152672615,477.97146396596463,177.72322484137152,50409100,23727700,164775600
2025-12-16,274.1007385253906,474.2779235839844,177.5034942626953,274.9891026980292,475.7712732838117,178.27256047932946,271.2859911871425,468.79234263095657,174.686922405521,272.3140798989353,469.8177748762136,176.04526619844617,37648600,20705600,148588100
2025-12-17,271.33587646484375,474.00909423828125,170.73175048828125,275.6478724530811,477.8718969329872,175.91543007880585,271.13626563598973,472.8940646732686,170.10251312474713,274.50001118897205,474.79560024235434,175.88546784627562,50138700,24527200,222775500
2025-12-18,271.68524169921875,481.8342590332031,173.9278564453125,273.12257373871984,487.4293375934554,175.93540231223645,266.4549687260805,475.7712630284666,171.6106906687844,273.1025913325419,476.06992080908344,174.3173807251694,51630700,28573500,176096000
2025-12-19,273.1625061035156,483.7656555175781,180.76953125,274.09077415448866,485.68709144559693,181.22896236326454,269.399477884542,480.35083955461556,176.12518653595592,271.6453053723066,485.1992432324443,176.4547863729682,144632000,70836100,324925900
2025-12-22,270.4674987792969,482.7701110839844,183.4662322998047,273.37210596231955,486.5632169440421,183.935660967629,270.00836035897595,480.5499868948874,182.1278683380167,272.3539780142796,483.9647726311972,183.6959478478248,36571800,16963000,129064400
2025-12-23,271.85491943359375,484.6915283203125,188.97952270507812,271.99467443806464,485.66716398872717,189.09937165158402,269.06012395403746,482.59086732909867,182.67719635774475,270.3377490962612,482.8298239351052,182.74711840334103,29642000,14683600,174873600
2025-12-24,273.3022155761719,485.8563232421875,188.38023376464844,274.9192064044749,486.99128356758627,188.67987134928,271.69521595033444,482.680463867149,186.36269028434322,271.8349404799371,483.5267014178325,187.71105179508496,17910600,5855900,65528500
2025-12-26,272.8929748535156,485.5476989746094,190.2978973388672,274.859322715931,485.9558848600665,192.45526970950266,272.35396775197984,483.8054577080926,187.7709805748158,273.65157518449314,484.5521325365998,189.68863982420257,21521800,8842200,139740300
2025-12-29,273.2523498535156,484.9404296875,187.99070739746094,273.8512128461511,486.1848877649252,188.53004285167208,271.8449608988494,482.0333622504328,185.68352392965699,272.1843267483383,482.71034015280554,187.4813341773615,23715200,10893400,120006100
2025-12-30,272.5735778808594,485.3187255859375,187.31153869628906,273.5717234473003,487.5089534635432,188.75978454971104,271.77507361210075,483.3474931520442,186.70228116711607,272.304089543875,483.77557941756965,188.01069817319677,22139600,13944500,97687300
2025-12-31,271.3558349609375,481.4758605957031,186.27279663085938,273.17246717497864,485.97584057107747,190.32784810299728,271.24605357156486,481.15727202744546,186.26281429981768,272.553621806917,485.6771523949816,189.33906392286715,27293600,15601600,120100500
2026-01-02,270.5074157714844,470.84320068359375,188.6199493408203,277.32473598417806,482.5112407273309,192.69496568024334,268.5011336129586,468.07552715971417,188.03065649528438,271.75509761912826,482.24244872265706,189.60873357074172,37838100,25571600,148240500
2026-01-05,266.7643737792969,470.7536315917969,187.89083862304688,271.0064921177503,473.9593569778809,193.39413642527967,265.6464557026853,467.4184776979013,185.9232371396652,270.1381104139889,471.95825856508776,191.52640398377517,45647200,25250300,183529700
2026-01-06,261.8734436035156,476.3885192871094,187.0119171142578,267.0538212812338,476.617480129593,191.935904267691,261.6338984265986,467.6673473241013,186.5924305704924,266.504853430471,471.69937935780575,190.2879203285983,52352100,23037700,176862600
2026-01-07,259.8471984863281,481.3265075683594,188.87962341308594,263.1909919246956,487.5288974221053,191.13686475404677,259.32817380451803,475.83099176167434,186.3327268208183,262.71190159101934,477.63296458601815,188.34028795646717,48309800,25564200,153543200
2026-01-08,258.55963134765625,475.9902648925781,184.8145751953125,258.80916773471864,480.5201105081445,189.31909080925226,255.22581364132833,473.7502403609407,183.4862088297309,256.5433578451618,479.10639276886474,188.87962438445808,50419300,18162600,172457000
2026-01-09,258.8890075683594,477.15509033203125,184.63479614257812,259.7274461787287,477.6927047258898,186.1129888751533,255.74485516422806,470.106493184136,183.44624341374129,258.5995368285105,471.9582322108041,184.8545293482555,39997000,18491000,131327500
2026-01-12,259.76739501953125,475.06439208984375,184.71470642089844,260.8154357257053,478.85749783991434,186.89204340473577,256.32378048041085,473.57104241242143,182.79704721562317,258.6794199598783,474.5566738594685,182.99680052530172,45263800,23519900,137968500
2026-01-13,260.5658874511719,468.5832824707031,185.58364868164062,261.3244878277737,473.6706125344443,187.88084992986475,257.9108470550362,463.88420753037366,183.17658082293008,258.24022168851656,472.57548334410274,184.7746378408776,45730800,28545800,160128900
2026-01-14,259.4779052734375,457.34332275390625,182.91690063476562,261.33447181199796,466.1242261748137,184.2352999433054,256.23393227813756,455.1431293963808,180.57975484984624,259.0087756526009,464.3919198839424,184.0954710990846,40019400,28184300,159586100
2026-01-15,257.73114013671875,454.6353759765625,186.82212829589844,260.5559089501236,462.19172164087615,189.46889382188115,256.5732877053955,453.8787357567712,186.10300422087673,260.1666175851947,462.062293141988,186.2727952885624,39388600,23225800,206188600
2026-01-16,255.05613708496094,457.8211669921875,186.0031280517578,258.41988279267105,461.1364202404358,190.20800608356458,254.45724364888233,454.45617795729186,185.85331687968656,257.4217372195352,455.8001683410004,188.84966224271636,72142800,34246700,187967200
2026-01-20,246.2425079345703,452.5048828125,177.85308837890625,254.31750190322293,454.77477325819245,182.15783564218773,242.9685916985444,447.2881239806389,177.39364202987932,252.26132447540706,449.2195254560932,181.67840938923754,80267500,26130000,223345300
2026-01-21,247.1907501220703,442.1410217285156,183.09669494628906,251.09350304772093,450.6829992738946,185.15418310637224,244.72532928784554,436.7351029497524,178.18267486272933,248.23880604127606,450.5934019351739,178.8318922054109,54641700,37980500,200381000
2026-01-22,247.8894500732422,449.1398620605469,184.6148223876953,250.53452965267718,450.8323067932568,185.94320399708803,247.68980878155546,442.7284117030413,183.70592730123704,248.737864640942,445.6354487179439,184.52493568425237,39708300,25349400,139636600
2026-01-23,247.58001708984375,463.8841857910156,187.44137573242188,248.94748685874615,469.01134678020316,189.3690325020707,244.22624741136653,448.5325382185013,186.59242035942677,246.86136630134166,449.8665935761158,187.27158465782284,41689000,38000200,142748100
2026-01-26,254.9363555908203,468.19500732421875,186.2428436279297,256.08421686766076,472.1474075016215,188.88960930416175,249.336758511775,459.9517180089597,185.76343263076708,251.01363570547153,463.2470406576191,186.93200550896393,55969200,29291200,124799600
2026-01-27,257.791015625,478.4493103027344,188.29034423828125,261.46421404872183,480.72916597612596,189.76853699604698,257.73112933459527,471.0622242712429,185.47377232125424,258.68937090303496,471.5998386603028,187.01190478720812,49648300,29213900,143711600
2026-01-28,255.96446228027344,479.49468994140625,191.28668212890625,258.3799575946877,481.59532063648624,192.1156727976695,254.03803333601454,475.8807787479093,189.60872088942648,257.17220993748055,481.06767161592717,191.0369866951896,41288000,36875400,148552700
2026-01-29,257.801025390625,431.57806396484375,192.27548217773438,259.16847988830324,440.5381621786467,193.244301759811,253.93820707645818,419.1533835040837,185.83334250366076,257.52154586161765,438.0392806211351,191.10690928022157,67253000,128855300,171764400
2026-01-30,258.9988098144531,428.38232421875,190.8971710205078,261.41430490835,437.65104604221966,194.25307849059112,251.7123292610244,424.5593524472701,189.23918956869622,254.69678984095313,437.2229597325442,190.97707539362895,92443400,58566800,179489500
2026-02-02,269.5093078613281,421.49298095703125,185.38388061523438,269.98839826257677,428.8303011436502,190.06816944570554,258.7293169184304,420.37795134689077,184.65477420739685,259.5478036352127,428.33251789753194,186.97193993484487,73913400,42219900,165794100
2026-02-03,268.98028564453125,409.3868713378906,180.12030029296875,271.3758289780004,420.178808008447,186.04308409913696,267.11372779647115,406.7486263222299,176.01530661894333,268.70080609664296,420.1390072256922,186.01312186532803,64394700,61424100,204019600
2026-02-04,275.97723388671875,412.3536682128906,173.97781372070312,278.432693698261,417.9387813848693,179.36124730830178,271.7850411492978,407.4256021580933,171.70059231104517,271.7850411492978,409.1778088233149,179.241398362594,90545700,45012400,207014100
2026-02-05,275.3983459472656,391.9246520996094,171.67062377929688,278.98168486317746,406.4897635323938,176.60460839935587,272.72332314901723,390.5806313349955,170.8216531377948,277.6142303156022,405.6335909812077,174.7168961324724,52977400,66289200,206312900
2026-02-06,277.6042175292969,399.3615417480469,185.18414306640625,280.3890519626743,400.0086538663787,186.77220252110314,276.4164219647768,391.17798428483076,174.38731390455436,276.6060720438839,397.4002746193236,176.4747642750831,50453400,53515300,231346200
2026-02-09,274.3672180175781,411.76629638671875,189.80848693847656,277.9439398399519,413.05058563481117,193.42408742490235,271.4499228389202,399.0927243377603,183.7259094221984,277.6541982366954,403.0550898097971,184.03552934237337,44623400,45480500,196387400
2026-02-10,273.4280700683594,411.437744140625,188.31031799316406,275.11651686144285,421.80159473973595,192.24552080983682,272.68876099546605,410.8702943432265,187.89083145679504,274.6369782150198,417.75959730190846,191.1468699498802,34376900,44857900,136764800
2026-02-11,275.24639892578125,402.57720947265625,189.81849670410156,279.92208361183503,414.61360447479314,193.02457795983298,274.1973776592452,399.23212070980424,188.54005713468442,274.44714753122867,414.3348470778888,192.21556708670826,51931300,42491000,144192700
2026-02-12,261.4891052246094,400.05841064453125,186.7122802734375,275.46621856633783,404.3990960787573,193.3741533411549,259.94051360693726,396.24540458526855,186.28279615580217,275.3363333447182,403.20440420967,192.79485804306626,81077200,40802400,189932500
2026-02-13,255.5445556640625,399.5407409667969,182.58729553222656,261.9886306947134,403.7420326637702,187.27158453858374,255.21485759663088,396.2852191820681,181.36878053627944,261.7688319830923,402.65686886295305,187.25160463564347,56290700,34091600,161888000
2026-02-17,263.6371154785156,395.1004943847656,184.7446746826172,266.0449008431299,398.7442713079252,186.92201173748992,255.30478047881587,392.78083787972264,178.9617194034806,257.8124646511843,397.45004705087115,181.5285959992061,58469100,32078800,162276900
2026-02-18,264.106689453125,397.828369140625,187.75099182128906,266.57441720150126,400.77523739702553,190.13807962880853,262.20844437502524,394.5629123207548,186.53247684939709,263.35737977838915,396.3648852083561,188.52005804720127,34203300,23223400,164749100
2026-02-19,260.3401184082031,397.5988464355469,187.6710968017578,264.2365527856389,403.55594539020564,188.20044994409497,259.81060750150084,395.8127368785549,185.43383529156333,262.35827847824623,399.82403795970674,186.8321237354349,30845300,28234000,126554500
2026-02-20,264.3364562988281,396.37152099609375,189.58877563476562,264.5063132392292,399.2552593187824,190.09814888521723,257.9223826043077,394.3059873534157,185.71349722992974,258.73163460792017,395.2539159508346,186.342734664171,42070500,34015200,178422300
2026-02-23,265.9349670410156,383.6390686035156,191.316650390625,269.1819753311392,394.50551684604494,193.71372053376285,263.13755670993424,382.27203437696886,189.34904909171755,263.24744081710827,394.14630950985264,191.1668239815537,37308200,43238300,171584800
2026-02-24,271.8895263671875,388.1593017578125,192.61508178710938,274.6369951599546,388.5185091169527,193.53395924081437,267.46358073991865,380.88504821898124,187.171708627792,267.61343657617186,383.30981969967445,191.2567378902843,47014600,33884700,175123600
2026-02-25,273.97760009765625,399.7342224121094,195.32176208496094,274.6869380517792,400.60233728073825,197.38924768090467,270.8005039088116,389.31678308531696,193.5539140704845,271.5298429675081,389.68597856263057,194.2131137016724,33714300,43625500,250637100
2026-02-26,272.6987609863281,400.851806640625,184.66476440429688,275.8558253670768,406.6093255926281,194.0533071271398,270.55071567552415,397.8782360341113,184.09546670933034,274.6969199809464,403.8353349281015,194.03334246429932,32345100,34405900,360807900
2026-02-27,263.93682861328125,391.8912048339844,176.97415161132812,272.5588900215503,395.9624042352165,182.36756729714082,262.6480379442022,389.0374004516944,176.1651407824763,272.5588900215503,390.03523926255787,181.0292033274304,72366500,51367200,311636500
2026-03-02,264.476318359375,397.6886291503906,182.25770568847656,266.2846497598317,400.32293811697235,183.2365228635074,259.960490133898,389.78576315389057,174.42725972943845,262.16844722421786,392.01092411942045,174.79680413295333,41827900,35474900,209095300
2026-03-03,263.5072326660156,403.0570068359375,179.83065795898438,265.31556422164516,405.82103971635513,180.67961330625172,259.8905695547566,391.82136299902305,176.70446619030554,263.23749216234586,392.2903484387299,178.27256086028186,38568900,38199200,178099400
2026-03-04,262.2783508300781,404.32427978515625,182.8170166015625,265.9050144519466,410.14166638677375,184.47499807110998,261.179387723623,399.44483360720756,179.84065106191534,264.4063951364299,400.4027502952161,180.22019302825058,39803100,35808000,177731200
2026-03-05,260.0504150390625,409.79241943359375,183.11663818359375,261.3192350446657,410.72040218284053,183.83576224630102,257.01320478174756,403.525993165685,177.6632984882966,260.54995479568396,403.54596943015656,180.94928366467312,49658600,39001300,198779700
2026-03-06,257.2229919433594,408.0761413574219,177.6033935546875,258.53178361058343,412.1572983375802,182.53736302725528,254.13584003818684,407.6271321747383,176.6046117177772,258.39192833924307,408.31564337314285,179.62092189230134,41120000,31123900,189021900
2026-03-09,259.6407775878906,408.5251770019531,182.427490234375,260.9095975388004,409.3234358422322,182.68718325690133,253.44647267699952,402.62794618065146,175.34613090826778,255.45463216869055,404.044890641513,176.61458806542097,38218500,30131900,177213600
2026-03-10,260.58990478515625,404.8830871582031,184.54490661621094,262.2384104290217,409.31349393117443,186.21287029543888,256.71350175461305,402.05918625996463,181.78825925636124,257.4128391437035,409.1438479339772,182.17778352587916,30590800,31706400,179118500
2026-03-11,260.5699157714844,404.0049743652344,185.8134307861328,261.888707997661,408.1260534422115,187.40157611978597,259.3110658747261,400.7220762180728,184.23526832414757,260.8496568052655,404.6934855668013,185.6935753620157,26218900,25512100,145280400
2026-03-12,255.52456665039062,400.9914855957031,182.9268035888672,258.71164792954545,405.2422886286942,184.72471123223085,253.94601921584928,400.84181586601125,181.53842231669145,258.4219063383753,403.7555185610488,183.83574790315467,40794000,27263900,155762700
2026-03-13,249.8897705078125,394.69512939453125,180.0401611328125,256.0940459350445,403.9251383935716,185.87335881208497,249.29033192864068,393.3979511212616,179.73052445930352,255.24483747003174,400.13336309353434,184.70472270189353,36930000,26848000,160988400
2026-03-16,252.58729553222656,399.08563232421875,183.0067138671875,253.6563027081548,399.7641553863696,188.66012868968363,249.6499992581203,393.9367805641587,181.19882333613754,251.87794235419486,397.209690545171,182.7570048934839,32074200,27733700,217307400
2026-03-17,253.99598693847656,398.5467834472656,181.71820068359375,254.89516767044782,403.5259891234105,185.1841623368753,251.94787083452104,396.8903674487218,181.4684917186082,252.72716690012706,399.4049101655112,184.8445618023411,32361600,26228300,182497800
2026-03-18,249.70994567871094,390.9432678222656,180.1899871826172,254.70534343896443,397.13983817793417,183.16652908726184,248.7708084606242,390.1549666521916,180.12007659614625,252.3974721128864,396.271723303423,182.26756764801692,35757900,25908500,156683100
2026-03-19,248.73085021972656,388.1792297363281,178.3521270751953,251.5982036354298,391.6417315076428,179.77047215436778,247.0723745163624,386.2234742615233,175.5853475010711,249.17043241392184,389.2569126674818,177.80276430906588,34864100,25138800,170968500
2026-03-20,247.76173400878906,381.0447082519531,172.4989471435547,248.97061168291066,386.16362631018524,178.05247199547227,245.77356028907465,379.29849030352204,171.52009228430225,247.7517334570195,385.95408868282834,177.79278016290237,88331100,50853200,241323500
2026-03-23,251.25851440429688,382.1722717285156,175.43553161621094,254.3656523266213,386.3731646745857,178.16234927411983,250.0496214753341,380.85511716508233,174.55655117338722,253.73622734962268,383.07032058481127,177.0536408486584,40546100,29680100,182836300
2026-03-24,251.4083709716797,371.9344177246094,174.99603271484375,254.5954370944537,381.6434000325674,176.01484951930743,249.32029842391177,371.04635704379217,173.777451794472,250.1195650925759,381.53362193174286,174.6264683383626,45152300,42733600,147667800
2026-03-25,252.38746643066406,370.2381286621094,178.47198486328125,254.76528059453105,376.2451074667104,181.00903649280792,251.3684162845015,368.831172255135,176.64412864426953,253.86611511385965,376.10542586510894,176.89383761026875,28476700,31181200,162602100
2026-03-26,252.6572265625,365.1790771484375,171.04066467285156,256.76344411909713,373.9101668945663,176.30451888215924,250.53918279672283,364.4007640805619,170.9407749866337,251.88793104116345,370.01860155518807,175.86504388946904,41796700,36836600,186152200
2026-03-27,248.57098388671875,355.9989318847656,167.32498168945312,255.2548282141602,361.6666793192034,170.77096223786808,247.8416601166152,355.73951450811694,166.81556566439232,253.666280215245,361.11784971721505,169.80209026823204,47900000,37883400,196212700
2026-03-30,246.40298461914062,358.1842041015625,164.97772216796875,250.63907198816298,364.5703662773937,169.25273855906806,245.28400520065438,355.51000344849933,164.07877596313077,249.83982057534305,361.1178525849577,168.58352034150624,39446200,44797000,185627000
2026-03-31,253.55638122558594,369.3699951171875,174.1969757080078,255.24482803058763,372.09407550142714,174.41672082635512,246.87255213324852,362.28533367877645,166.7656493784466,247.6818040942864,363.7621155862403,166.77563225072552,49598100,45244400,226181300
2026-04-01,255.3946990966797,368.57171630859375,175.54541015625,255.94418062939917,373.1817267376728,177.16351944386196,253.096813183035,367.4042619540212,174.54657425208924,253.8461228128272,372.682807332766,175.79511913229018,40059400,29417200,168132000
2026-04-02,255.68443298339844,372.6528625488281,177.18348693847656,255.89424639361263,372.83249667260446,177.28337661769746,250.4192795609811,363.3629859357669,171.170490985778,253.96601496217014,366.41637016886637,171.97954556798163,31289400,24099100,143143200
2026-04-06,258.6217041015625,372.0741271972656,177.43319702148438,261.9186847371787,372.92229624611906,177.58301630024127,256.2239194053331,368.70142726638517,175.55538077559635,256.27389167390277,372.682794233078,176.953760088437,29329900,16146600,107564300
2026-04-07,253.26666259765625,371.48541259765625,177.89266967773438,255.96418954301222,371.64507045865594,178.0225079733855,245.47383916108728,365.7677853538718,173.4578360976707,255.92421782448065,369.5396147715723,175.52541836668527,62148000,21443300,132534900
2026-04-08,258.66168212890625,373.52099609375,181.8680419921875,259.51090582044134,384.167949815935,185.0443328296099,256.29386854025813,370.6073237610428,180.09011531444295,258.2121146377317,384.148004001906,184.28522303450282,41032800,33064800,147732700
2026-04-09,260.2502136230469,372.26373291015625,183.69590759277344,260.879638597066,372.6927962909368,183.86570786090292,255.8342992320816,366.2567237727329,180.40972906189933,258.7615948993736,371.6949574789129,181.6283100364998,28121600,30435300,116428500
2026-04-10,260.240234375,370.0684814453125,188.41041564941406,261.94865175168746,374.8281921461914,189.77881591864653,258.78155637925676,369.23030048358606,184.08545448929232,259.7406946341393,372.17393720824543,184.09543736125556,31291500,28111100,160459500
2026-04-13,258.96142578125,383.539306640625,189.08961486816406,259.9405042051452,383.70895264062807,189.43921351677633,256.4237552437805,370.2181521550117,185.52377876103736,259.49093671136296,372.8025510733858,185.81343445538195,36234700,35745800,133648200
2026-04-14,258.59173583984375,392.2604064941406,196.28123474121094,261.68888841493145,393.83700889302276,196.28123474121094,256.9532612999924,385.684652281273,190.54792650193752,259.01136264890187,387.0816509997633,190.61783708872017,48370700,37504500,161307000
2026-04-15,266.18475341796875,410.3312683105469,198.63848876953125,266.3146386359468,413.47445440771634,200.166706463506,257.57269269729437,395.8725939925935,195.5121427945441,257.92237663273806,397.1398382929036,196.31119931453722,49913500,45063400,185338400
2026-04-16,263.15753173828125,419.35174560546875,198.1190948486328,266.91408037974617,419.9105328997013,199.6173486077875,261.0294875448873,411.2492993874727,195.58204328148997,266.55439590858066,418.95258572248235,197.20015246424893,43323100,41642400,134012900
2026-04-17,269.98126220703125,421.87628173828125,201.44520568847656,272.0493335842862,430.64726300981,201.46518667284232,266.47448343207725,419.78081413338697,199.03802288778024,266.7142527536172,423.9018933176335,199.66727910555997,61436200,48568200,160324400
2026-04-20,272.79864501953125,417.1664733886719,201.82476806640625,274.0275237795767,422.4150847565369,201.9346406188145,270.04120633500696,415.40027922801784,197.6096795882359,270.08114756253855,420.2398034863272,199.7471876833392,36590200,27582200,119381400
2026-04-21,265.9250183105469,423.2433166503906,199.64732360839844,272.5488901425708,426.25677891783357,202.51397775047528,265.1557075406741,416.2983670043314,198.76834314349978,271.250098918132,419.33177508554746,201.89470437258373,50209800,32048500,107945300
2026-04-22,272.9185791015625,431.984375,202.26426696777344,273.48803128351057,432.7626880248645,202.26426696777344,266.62435952726383,422.7543663498755,198.76834136586132,267.5734973129919,425.2689090952171,200.75603026628932,43249200,29378200,107501000
2026-04-23,273.1783142089844,414.8514709472656,199.4075927734375,275.5161566987003,422.7443793162959,203.59271751351986,271.39995382845746,410.5208543154444,196.99041179336916,274.79681820267325,418.9825380949446,202.22431724671497,33399600,38308000,113561800
2026-04-24,270.81048583984375,423.7023010253906,208.0275421142578,272.80864483253174,424.0316048781353,210.70441481695215,269.4017800912603,414.9013556123021,199.57738430538978,272.50893317942314,416.0688403922519,199.72721882416832,38157100,27457400,214134400
2026-04-27,267.3636474609375,423.9018859863281,216.3578338623047,268.1129570778125,426.1869149113369,216.5775789683675,264.8260075108844,416.1686352924954,207.13858324348888,265.84505761361925,421.46715688013995,209.4059296471886,41466800,30867300,187172400
2026-04-28,270.4608154296875,428.3222961425781,212.92184448242188,272.97851539952296,428.99086152362304,214.4800260296235,268.4127145556596,420.9881750222059,207.95762889823203,272.0893199684016,423.6524179624475,209.24613572912838,40018900,30438100,180275400
2026-04-29,269.92132568359375,423.5426330566406,209.00640869140625,270.7905199823619,425.8975483734993,212.47237042757808,266.7942019267937,419.38166246548025,207.33835459433345,267.3037117460274,423.6623688360089,212.4523894424142,30047900,38288300,123711800
2026-04-30,271.1002502441406,406.8987121582031,199.33767700195312,275.7459641951834,413.5243765293071,210.05518135667162,267.893213328058,397.1498378648014,198.46867945247158,270.25102650288807,409.92216255995794,209.68560172993963,91848200,70909400,225239200
2026-05-01,279.88214111328125,413.5443115234375,198.21897888183594,286.95561044034525,416.2085240460113,202.76368521944246,278.1137509144006,409.5529563541748,196.89052532216473,278.6032901046287,411.9078412872606,201.0456862731779,79915400,31372400,128647000
2026-05-04,276.5751647949219,412.72607421875,198.24893188476562,280.3716851917065,419.87060358807366,201.49514834231712,274.60697695873915,409.91216153093814,194.51329562325486,279.4025768563376,410.6505829404435,199.26774870200734,46668400,28066500,125368100
2026-05-05,283.9184265136719,410.4909362792969,196.271240234375,284.30808218316156,415.8792597859335,200.00689171848026,276.2455026895375,407.916495085617,195.80178617585554,276.6750995896243,414.42242364358015,199.06798360144137,49311700,25700900,113406600
2026-05-06,287.245361328125,413.0653381347656,207.5880584716797,287.76487170009636,417.51572107575487,208.0275486883452,280.8112868075762,404.23445872829495,198.37879062945476,281.66051049385584,407.11822745622237,199.65729931010404,58336100,30285900,188362800
2026-05-07,287.1754150390625,419.8606262207031,211.2537841796875,291.8611003514943,427.05506598481406,213.95063795079753,285.5169394038565,417.8549909144547,206.25960488465944,289.00371711581823,419.2020489501835,208.0974592073836,45224300,34942400,168307900
2026-05-08,293.0500183105469,414.22283935546875,214.94947814941406,294.4886952888782,417.7252633012779,217.5464575316693,289.7330669166447,413.105264767488,212.642169707093,289.7430674686918,416.48795292910256,212.7820061205359,52692800,33383800,136421400
2026-05-11,292.67999267578125,411.7681579589844,219.18453979492188,293.8800048828125,411.79809190456297,222.04121091513153,290.2300109863281,404.6236285818644,213.64099781886503,291.9800109863281,406.9885016374445,213.79081709888328,42247300,35657900,160685800
2026-05-12,294.79998779296875,406.8887023925781,220.52297973632812,295.2699890136719,414.6020070114768,223.48952345691538,292.55999755859375,405.76117016707224,214.6698009927987,292.55999755859375,413.58422243338293,218.29558003818886,45748100,38594200,159176600
2026-05-13,298.8699951171875,404.3342590332031,225.56710815429688,300.9200134277344,405.4318878236479,227.57476278227756,293.5,400.1633000811369,221.3120728008497,293.5,402.3286237155428,224.6681467194947,52684300,29667100,150405400
2026-05-14,298.2099914550781,408.5451354980469,235.465576171875,300.45001220703125,410.94993067744383,236.26463268418732,295.3800048828125,400.013625877668,229.03307065698914,299.82000732421875,403.6058516736889,229.58243343997336,35324900,27077500,180782900
2026-05-15,300.2300109863281,421.0081481933594,225.05770874023438,303.20001220703125,427.24464052002446,231.23050718880455,296.5199890136719,412.01761111071977,223.97896415639156,297.8999938964844,413.3746572242232,229.49252726355346,54862800,50771200,180977600
2026-05-18,297.8399963378906,422.6246643066406,222.0612030029297,300.6600036621094,424.2012362508279,229.7322553439391,294.9100036621094,414.7117792841577,218.1157890335498,300.239990234375,415.71960624154525,229.60240180074675,34483000,32564100,146280900
2026-05-19,298.9700012207031,416.51788330078125,220.35317993164062,300.510009765625,431.7648588737268,224.21866983705235,296.3500061035156,415.58987007798993,217.6563261548179,296.9700012207031,428.9708919761278,219.36432694236115,42243600,33018700,140948200
2026-05-20,302.25,420.1499938964844,223.20985412597656,302.79998779296875,421.18775475321456,225.8667612103758,298.0799865722656,410.4110776678385,220.2433103590018,298.17999267578125,413.2749005432513,222.9201831873553,38229800,27864000,184201600
2026-05-21,304.989990234375,419.0899963378906,219.25445556640625,305.5400085449219,426.3399963378906,227.13526994336974,300.3999938964844,415.7099914550781,217.6762930684293,301.05999755859375,424.75,222.03121805596584,42965100,31393500,203381800
2026-05-22,308.82000732421875,418.57000732421875,215.07933044433594,311.3999938964844,424.3999938964844,220.75271088945502,305.8399963378906,416.3299865722656,214.54994865072538,306.1199951171875,419.5400085449219,220.64283833374193,43670200,22390300,169275700
2026-05-26,308.3299865722656,416.0299987792969,214.60987854003906,311.82000732421875,419.7699890136719,217.92600574795006,307.6700134277344,413.0199890136719,211.75320730356688,309.55999755859375,416.42999267578125,216.28791550863897,48000500,30398000,187202600
2026-05-27,310.8500061035156,412.6700134277344,212.35250854492188,313.260009765625,415.94000244140625,213.90069192498567,308.29998779296875,409.5799865722656,208.53694826896,308.3299865722656,411.010009765625,213.87072806866348,50430900,28901500,167601200
2026-05-28,312.510009765625,426.989990234375,214.00057983398438,312.79998779296875,429.489990234375,215.2691056248748,309.57000732421875,412.6700134277344,210.97410844231206,310.67999267578125,412.9800109863281,211.03403615445995,48220400,47250500,143996000
2026-05-29,312.05999755859375,450.239990234375,210.8942108154297,315.0,450.3299865722656,217.6063892667686,309.5299987792969,432.3599853515625,210.88422794322287,311.7799987792969,432.54998779296875,214.33020874183248,70026800,79654400,289410600
2026-06-01,306.30999755859375,460.5199890136719,224.09881591796875,310.94000244140625,466.32000732421875,224.60821672379726,305.0199890136719,458.2699890136719,215.44889364463796,309.6300048828125,464.8399963378906,215.47885750139108,48849900,53628900,212850700
2026-06-02,315.20001220703125,441.30999755859375,222.56060791015625,315.45001220703125,453.5,232.00958636747916,306.69000244140625,440.42999267578125,221.09231801448135,307.4599914550781,446.8800048828125,226.91551751623658,44534700,37036800,193362900
2026-06-03,310.260009765625,427.3399963378906,214.5,316.94000244140625,440.3900146484375,222.56061267075634,308.8500061035156,424.25,214.2602739078757,314.17999267578125,438.45001220703125,221.46188713313538,50836700,39037000,160907000
2026-06-04,311.2300109863281,428.04998779296875,218.66000366210938,313.5400085449219,436.1499938964844,221.60000610351562,309.6499938964844,426.4100036621094,210.97000122070312,313.2300109863281,435.80999755859375,213.91000366210938,44869100,26899500,169022200
2026-06-05,307.3399963378906,416.6700134277344,205.10000610351562,315.1700134277344,429.4700012207031,214.8699951171875,307.1499938964844,414.3999938964844,204.3300018310547,312.8599853515625,428.3399963378906,214.52999877929688,65310500,34782200,219655500
2026-06-08,301.5400085449219,411.739990234375,208.63999938964844,317.3999938964844,417.1600036621094,210.47000122070312,301.1700134277344,408.55999755859375,206.0,308.739990234375,414.1400146484375,210.17999267578125,77949100,32086700,138372800
2026-06-09,290.54998779296875,403.4100036621094,208.19000244140625,300.75,411.9800109863281,211.39999389648438,287.7799987792969,398.4800109863281,199.33999633789062,300.2799987792969,409.0299987792969,210.6199951171875,70108800,35317300,180962500
2026-06-10,291.5799865722656,397.3599853515625,200.4199981689453,294.75,405.0400085449219,207.22000122070312,287.3800048828125,397.1600036621094,199.9199981689453,290.739990234375,398.54998779296875,204.42999267578125,52793300,32576000,161746600
2026-06-11,295.6300048828125,390.3399963378906,204.8699951171875,297.0,396.8500061035156,205.66000366210938,289.5899963378906,384.0,199.5399932861328,293.7200012207031,395.2099914550781,201.49000549316406,42572500,47224100,158643200
2026-06-12,291.1300048828125,390.739990234375,205.19000244140625,297.1400146484375,391.739990234375,207.07000732421875,289.6199951171875,382.2699890136719,203.44000244140625,296.0299987792969,391.42999267578125,204.86000061035156,38742100,34865800,112001800
2026-06-15,296.4200134277344,399.760009765625,212.4499969482422,297.7799987792969,401.75,212.7100067138672,291.70001220703125,392.8500061035156,208.33999633789062,294.1199951171875,396.79998779296875,208.9199981689453,45732600,32266400,149936700
2026-06-16,299.239990234375,393.8299865722656,207.41000366210938,300.4800109863281,396.8399963378906,211.49000549316406,293.9700012207031,390.69000244140625,207.2899932861328,295.25,395.7900085449219,211.17999267578125,39874400,31506800,125694100
2026-06-17,295.95001220703125,378.9100036621094,204.64999389648438,302.07000732421875,390.3699951171875,209.2100067138672,294.3599853515625,377.32000732421875,203.0800018310547,300.8500061035156,390.25,208.52999877929688,42745100,41987800,128363500
2026-06-18,298.010009765625,379.3999938964844,210.69000244140625,300.57000732421875,381.3699951171875,211.38999938964844,295.6199951171875,373.2799987792969,206.5,298.1099853515625,377.82000732421875,207.3300018310547,85962200,59714200,241272000
2026-06-22,297.010009765625,367.3399963378906,208.64999389648438,302.4200134277344,381.6300048828125,213.99000549316406,296.760009765625,367.07000732421875,207.72000122070312,297.30999755859375,375.739990234375,211.44000244140625,44879900,45171100,122041400
2026-06-23,294.29998779296875,373.94000244140625,200.0399932861328,301.6400146484375,377.2200012207031,203.77000427246094,294.17999267578125,370.6700134277344,200.0,297.5400085449219,372.3800048828125,202.1699981689453,52010900,40647600,153496200
2026-06-24,293.0799865722656,365.4599914550781,199.0,299.70001220703125,378.8800048828125,201.6699981689453,292.94000244140625,364.7799987792969,196.5800018310547,295.3599853515625,371.57000732421875,200.1199951171875,53081900,44509900,151810700
2026-06-25,275.1499938964844,352.8299865722656,195.74000549316406,288.79998779296875,364.2300109863281,200.8000030517578,273.75,349.20001220703125,192.1300048828125,287.3999938964844,362.7699890136719,200.0800018310547,107013700,66179000,149550000
2026-06-26,283.7799987792969,372.9700012207031,192.52999877929688,285.95001220703125,376.6099853515625,195.5500030517578,274.2099914550781,355.42999267578125,191.22000122070312,275.0,357.1499938964844,193.1199951171875,261775500,186201600,179304100
2026-06-29,281.739990234375,368.57000732421875,194.97000122070312,288.3699951171875,380.5,196.17999267578125,279.8500061035156,359.8999938964844,189.8000030517578,286.7300109863281,377.5,193.85000610351562,66427000,51229900,148835700
2026-06-30,289.3599853515625,373.0199890136719,200.08999633789062,289.94000244140625,374.1499938964844,200.6300048828125,280.70001220703125,367.45001220703125,195.11000061035156,281.1700134277344,371.0299987792969,197.24000549316406,65100200,44945700,166476700
2026-07-01,294.3800048828125,384.2799987792969,197.5800018310547,296.5899963378906,388.8299865722656,199.85000610351562,289.20001220703125,374.8900146484375,193.4499969482422,293.44000244140625,380.8299865722656,196.1999969482422,50164200,48065800,146147600
2026-07-02,308.6300048828125,390.489990234375,194.8300018310547,309.4200134277344,392.20001220703125,200.05999755859375,293.67999267578125,383.70001220703125,192.35000610351562,294.1199951171875,384.4800109863281,197.13999938964844,75352800,42128900,142068700
2026-07-06,312.6600036621094,386.739990234375,195.5500030517578,314.20001220703125,389.1499938964844,197.5500030517578,307.0,381.2200012207031,193.99000549316406,307.3599853515625,387.0400085449219,194.4199981689453,53590000,34224500,108999000
2026-07-07,310.6600036621094,388.8399963378906,196.92999267578125,315.4800109863281,395.57000732421875,198.41000366210938,310.1499938964844,388.2200012207031,191.13999938964844,315.2900085449219,392.489990234375,192.3699951171875,42490000,29297500,124154600
2026-07-08,313.3900146484375,383.3399963378906,204.1199951171875,314.82000732421875,385.30999755859375,205.16000366210938,307.04998779296875,381.3299865722656,195.05999755859375,311.9100036621094,384.0299987792969,195.17999267578125,41323500,25908300,147419100
2026-07-09,316.2200012207031,384.3599853515625,202.77999877929688,316.5299987792969,384.6499938964844,204.58999633789062,308.1600036621094,373.3500061035156,198.9600067138672,310.510009765625,374.45001220703125,204.4600067138672,48124500,31083200,132037400
2026-07-10,315.32000732421875,385.1000061035156,210.9600067138672,316.9100036621094,391.9100036621094,211.0,312.1700134277344,381.5,201.9199981689453,314.7200012207031,387.79998779296875,202.0,34132300,24644600,148421000
2026-07-13,317.30999755859375,390.989990234375,203.52999877929688,323.45001220703125,393.6499938964844,210.57000732421875,315.7799987792969,384.1499938964844,203.0,317.0199890136719,387.75,208.5399932861328,43257800,28914900,121411000
2026-07-14,314.8599853515625,384.92999267578125,211.8000030517578,316.19000244140625,388.19000244140625,212.5500030517578,311.9100036621094,378.6499938964844,203.8000030517578,313.760009765625,382.82000732421875,208.1999969482422,36336800,27863900,124379600
2026-07-15,327.5,395.6300048828125,212.5,328.7300109863281,398.9599914550781,213.80999755859375,317.32000732421875,386.3999938964844,206.0399932861328,317.6199951171875,387.79998779296875,211.9600067138672,60957600,36253700,124797200
2026-07-16,333.260009765625,401.1000061035156,207.39999389648438,334.67999267578125,405.989990234375,211.0800018310547,326.7900085449219,392.04998779296875,205.85000610351562,328.010009765625,398.30999755859375,210.1699981689453,62970600,37047400,122986100
2026-07-17,333.739990234375,393.82000732421875,202.80999755859375,334.989990234375,398.3900146484375,206.64999389648438,329.0,389.3900146484375,197.97000122070312,331.9800109863281,394.8599853515625,202.63999938964844,63365300,33010300,144033900
2026-07-20,326.5899963378906,402.2900085449219,203.27999877929688,333.7099914550781,403.17999267578125,207.74000549316406,323.70001220703125,389.6700134277344,202.27999877929688,333.0249938964844,391.1000061035156,206.03799438476562,51014085,27729614,88271631
